14721742261000,-2.11,7.59,0.040861044
14721792218000,-1.14,9.89,-1.3756552
14721842267000,1.12,12.83,0.84446156
14721892225000,1.8,12.87,2.6014864
14721942273000,0.23,12.3,4.862464
14721992231000,-0.27,10.84,2.4108016
14722042279000,-2.3,0.31,2.3018389
14722092237000,-0.91,3.38,1.5390993
14722142286000,3.26,12.6,-0.38136974
14722192243000,0.42,7.67,0.53119355
14722242261000,0.61,10.57,3.3778462
14722292249000,0.76,11.65,2.6423476
14722342298000,1.54,11.11,3.636633
14722392225000,-1.04,11.37,-1.56634
14722442304000,0.84,14.18,4.440233
14722492200000,-5.28,12.98,1.1849703
14722542310000,-1.73,6.51,-0.7218784
14722592206000,-0.8,9.38,0.7627395
14722642316000,-1.95,7.82,1.7978859
14722692212000,-1.12,5.41,1.4982382
14722742292000,-2.68,7.01,0.95342433
14722792218000,-4.75,8.43,0.6537767
14722842298000,-2.91,13.18,3.9090397
14722892225000,0.61,15.51,3.990762
14722942304000,0.04,13.18,5.243834
14722992200000,-0.08,7.86,3.8273177
14723042279000,-1.61,5.9,2.5333846
14723092206000,1.04,3.91,1.4573772
14723142316000,-1.04,3.99,1.56634
14723192243000,-1.57,9.85,1.920469
14723242292000,-0.69,11.84,5.8976107
14723292218000,-0.91,9.51,2.2201166
14723342267000,-0.53,11.11,0.27240697
14723392225000,0.53,11.88,-2.070293
14723442304000,-2.49,15.05,5.938472
14723492200000,-5.2,7.12,-0.50395286
14723542310000,-5.28,12.15,3.718355
14723592237000,-0.23,6.13,2.070293
14723642316000,-1.38,7.01,2.6423476
14723692212000,-2.53,7.35,1.3075534
14723742322000,-4.29,8.47,0.95342433
14723792249000,-3.21,8.2,1.6889231
14723842267000,0.69,15.7,2.9147544
14723892225000,0.46,13.25,4.5219555
14723942304000,-0.8,11.54,4.7943625
14723992200000,-0.23,7.44,2.8738933
14724042249000,0.46,4.82,2.7240696
14724092206000,0.23,3.49,1.4165162
14724142316000,-3.72,7.63,2.5333846
14724192243000,0.53,9.08,3.336985
14724242292000,-1.57,10.61,5.09401
14724292218000,0.08,11.54,1.334794
14724342298000,-5.37,10.99,-0.50395286
14724392225000,0.19,15.64,4.903325
14724442304000,-4.37,10.27,-1.6889231
14724492200000,-0.42,7.08,0.6537767
14724542310000,-3.15,10.46,1.3075534
14724592237000,-2.83,7.5,2.1792557
14724642316000,-1.5,7.7,1.920469
14724692212000,-1.12,7.06,1.9477097
14724742292000,-3.36,9.08,1.5390993
14724792218000,-3.83,7.63,1.5390993
14724842267000,-1.18,14.21,1.2666923
14724892286000,0.53,10.65,2.6832085
14724942304000,-0.72,14.67,4.630918
14724992231000,-1.5,11.5,4.399372
14725042310000,-1.14,10.27,3.8681788
14725092237000,-1.12,7.46,2.7240696
14725142316000,-0.61,5.43,1.7570249
14725192212000,0.46,4.9,1.8387469
14725242292000,-0.27,4.86,1.1849703
14725292218000,-2.37,7.59,2.6014864
14725342298000,-1.84,10.15,5.597963
14725392225000,-0.38,9.66,4.0180025
14725442304000,-1.76,12.07,-1.1168685
14725492200000,-0.04,12.91,0.19068487
14725542310000,-4.48,13.87,2.1111538
14725592206000,-0.46,6.97,-0.9125633
14725642286000,-2.41,11.41,1.879608
14725692243000,-3.72,6.89,3.1054392
14725742261000,-3.36,7.01,3.1054392
14725792249000,-3.57,7.44,1.879608
14725842298000,-2.79,7.25,1.1168685
14725892255000,-1.88,14.14,2.7240696
14725942304000,0.46,12.07,3.636633
14725992200000,-0.89,14.56,5.5571017
14726042310000,0.08,10.99,5.175732
14726092237000,-1.76,6.66,2.8330324
14726142286000,-1.08,6.66,3.1054392
14726192243000,-0.42,6.13,1.7978859
14726242322000,-0.04,5.18,2.1111538
14726292218000,-0.38,7.63,0.6537767
14726342298000,-0.27,8.89,2.0294318
14726392255000,-0.76,9.66,2.6832085
14726392255000,-0.76,9.66,2.6832085
14726392255000,-0.76,9.66,2.6832085
14726542279000,-1.65,9.43,-3.1463003
14726602430000,-0.11,13.25,2.6832085
14726652265000,-6.63,15.47,0.9942854
14726702314000,0.57,8.28,0.5720546
14726752240000,-2.3,10.53,1.5390993
14726802289000,-3.15,8.28,1.2258313
14726852246000,-0.65,7.12,1.6889231
14726902265000,-1.88,6.13,1.1441092
14726952375000,-1.12,5.9,1.7978859
14727002271000,-2.96,8.12,1.0760075
14727052259000,-3.26,7.7,1.5390993
14727102277000,-3.76,14.02,1.7570249
14727152234000,0.57,13.02,1.56634
14727202344000,-0.61,18.5,5.366417
14727252271000,1.23,7.59,2.9147544
14727302320000,-1.8,9.85,3.636633
14727352216000,0.23,8.73,2.4516625
14727402265000,0.34,5.71,2.152015
14727452283000,0.5,6.51,2.4108016
14727502301000,-1.73,7.4,1.8387469
14727552228000,0.95,8.01,2.3699405
14727602308000,-1.38,9.11,4.140586
14727652234000,-0.08,6.85,3.255263
14727702314000,-1.46,11.84,2.3018389
14727752210000,-2.41,11.41,-1.56634
14727802259000,-2.07,16.28,4.9850473
14727852246000,-3.26,11.5,0.42223078
14727902326000,-0.57,11.11,0.040861044
14727952222000,-3.57,10.61,0.61291564
14728002271000,-1.73,9.51,1.1168685
14728052228000,-1.14,9.11,0.6537767
14728102277000,-1.95,8.47,0.61291564
14728152570000,-2.26,8.81,0.7218784
14728202283000,-3.17,9.72,-0.040861044
14728252271000,-0.38,10,0.8036005
14728302259000,-1.33,10.23,-0.3405087
14728352277000,-2.03,10.88,-0.6537767
14728402265000,0.95,12.49,-0.95342433
14728452253000,0.57,10.69,-1.920469
14728502332000,-1.42,11.88,-0.84446156
14728552228000,-0.61,9.72,-1.3075534
14728602308000,-0.76,10.38,0.61291564
14728652204000,-1.95,9.81,-0.08172209
14728702283000,-0.84,9.7,0.3405087
14728752240000,-0.69,9.85,1.2666923
14728802259000,-0.46,9.7,1.3756552
14728852277000,0.61,8.31,2.1111538
14728902265000,-0.61,7.67,2.6014864
14728952283000,-2.34,8.05,3.2961242
14729002301000,-4.29,9.08,4.372132
14729052198000,-3.26,8.31,2.4925237
14729102338000,-0.95,7.46,3.1463003
14729152204000,-2.03,15.66,1.920469
14729202283000,0.08,6.78,-0.46309182
14729252210000,-1.12,10.65,-1.0351465
14729302259000,-1.76,10.5,1.4165162
14729352216000,0.23,9.34,0.19068487
14729402265000,-0.15,9.11,0.23154591
14729452253000,-1.53,9.53,1.6480621
14729502271000,-1.61,8.62,1.879608
14729552228000,-1.42,7.4,1.4165162
14729602277000,0.27,7.7,1.6480621
14729652234000,-0.72,8.05,0.95342433
14729702344000,-1.23,7.46,1.3075534
14729752271000,-3.6,8.96,1.6480621
14729802289000,-4.9,10.42,1.334794
14729852246000,-1.33,14.18,2.5606253
14729902265000,1.92,12.11,3.0645783
14729952253000,-2.87,12.45,4.3312707
14730002271000,-1.57,10.57,3.8681788
14730052228000,-1.04,8.24,3.1463003
14730102277000,-0.3,7.4,2.7240696
14730152234000,-0.3,6.13,2.5333846
14730202283000,-1.38,7.46,2.1792557
14730252240000,-0.27,8.16,3.0645783
14730302259000,-0.46,6.51,1.4165162
14730352277000,-1.88,7.74,2.3699405
14730402295000,0.08,10.46,4.5628166
14730452253000,1.31,9.85,4.2495484
14730502332000,-0.46,14.06,2.3018389
14730552228000,-4.59,9.72,-1.0351465
14730602308000,-3.26,17.12,3.990762
14730652204000,2.26,7.59,-2.2201166
14730702283000,-0.53,12.26,1.5390993
14730752240000,-1.18,8.47,0.040861044
14730802259000,-1.95,9.19,0.9942854
14730852277000,-2.53,8.47,1.0351465
14730902265000,-2.72,8.73,2.0294318
14730952283000,-1.14,7.25,1.6889231
14731002301000,-1.18,6.55,1.1849703
14731052259000,-1.61,9.3,1.2666923
14731102308000,-2.6,9.08,2.1792557
14731152234000,-2.64,5.63,2.152015
14731202283000,-1.46,14.18,2.6832085
14731252240000,1.38,11.69,2.4516625
14731302259000,-2.72,14.52,3.636633
14731352246000,-0.61,11.99,4.0588636
14731402265000,-1.18,9.66,3.990762
14731452253000,-1.65,6.4,2.6014864
14731502301000,-0.76,6.21,2.4925237
14731502301000,-0.76,6.21,2.4925237
14731612256000,-1.57,4.67,1.9885708
14731662336000,-1.38,6.74,2.5333846
14731662336000,-1.38,6.74,2.5333846
14731723645000,-1.08,13.06,5.8567495
14731772931000,0.84,9.58,3.6774938
14731822828000,-5.01,8.54,-1.7297841
14731872846000,-2.41,16.09,1.879608
14731922803000,-2.37,12.15,0.14982383
14731972852000,0.57,7.06,-0.95342433
14732022809000,-3.64,13.1,2.4108016
14732072858000,-3.36,6.36,2.0294318
14732122907000,-1.61,8.05,2.982856
14732172864000,-2.75,6.78,2.152015
14732222791000,-4.71,8.66,1.1168685
14732272809000,-2.91,7.59,1.6889231
14732322919000,-0.76,13.33,2.9147544
14732372815000,-0.15,11.56,3.405087
14732422895000,-1.14,14.6,5.325556
14732472913000,-0.27,10.27,4.8216033
14732522809000,-1.12,7.46,2.6832085
14732572858000,-0.46,4.37,1.9477097
14732622815000,0.31,4.71,2.070293
14732672834000,-0.57,4.75,0.8036005
14732722913000,-0.84,8.69,2.6014864
14732772870000,-1.14,9.81,5.7477865
14732822889000,-0.11,11.37,1.9885708
14732872876000,-5.43,14.56,-0.27240697
14732922834000,-1.33,13.95,3.445948
14732972821000,-2.96,11.6,-0.42223078
14733022809000,0.65,10.04,0.27240697
14733072889000,-0.3,7.16,1.0760075
14733122907000,-3.49,5.94,2.2201166
14733172864000,-3.72,6.82,1.6480621
14733222882000,-3.53,7.08,2.152015
14733272901000,-1.23,8.05,0.7218784
14733322797000,-1.04,13.91,3.2961242
14733372937000,-0.42,13.21,3.8681788
14733422895000,-2.49,14.25,6.5513873
14733472943000,-0.89,10.76,4.099725
14733522840000,-0.11,5.63,2.3018389
14733572980000,0.99,4.06,1.5390993
14733623456000,-0.34,5.13,1.1441092
14733672895000,-0.57,6.74,0.50395286
14733722821000,-0.04,10.34,4.440233
14733772901000,-0.27,10,3.568531
14733822797000,-3.36,11.18,0.6946377
14733872907000,-0.5,14.63,1.56634
14733922803000,-1.42,11.8,1.607201
14733972913000,-5.24,9.77,0.10896278
14734022809000,0.61,10.69,1.5390993
14734072858000,-1.73,8.39,1.920469
14734122785000,-3.57,7.12,1.9885708
14734232282000,-2.6,7.12,1.9885708
14734232282000,-2.6,7.12,1.9885708
14734282361000,-1.12,6.55,0.92618364
14734332410000,-1.14,14.56,3.990762
14734382276000,-1.04,12.34,3.405087
14734432264000,-1.38,10.8,4.630918
14734492292000,0.93,8.47,2.7921712
14734542249000,0.95,2.98,1.9885708
14734592267000,-2.14,6.82,2.982856
14734642255000,0.42,8.08,2.5333846
14734692304000,-0.42,8.35,4.3312707
14734742200000,0.93,11.99,0.53119355
14734792310000,-4.71,11.84,-0.61291564
14734842237000,-1.46,14.52,3.445948
14734892286000,-2.37,8.47,-0.6946377
14734942243000,-1.84,10.57,3.173541
14734992261000,-3.21,8.16,2.1792557
14735042218000,-2.79,7.08,2.4108016
14735092328000,-5.05,8.69,2.4516625
14735142225000,-4.14,8.24,0.7627395
14735192304000,-1.84,10.92,1.1849703
14735242231000,0.5,13.57,1.7978859
14735292310000,-3.06,13.33,3.1054392
14735342206000,0.04,12.91,3.6774938
14735392286000,1.31,8.16,2.7649305
14735442243000,-0.84,5.9,0.8036005
14735492261000,0.89,5.79,0.53119355
14735542218000,0.31,5.86,1.4982382
14735592267000,0.08,8.85,1.0760075
14735642225000,0.04,11.41,5.7886477
14735692304000,-2.6,7.82,3.6774938
14735742200000,-2.68,12.49,3.718355
14735792310000,-3.79,11.35,-5.09401
14735842237000,1.69,18.2,4.903325
14735892286000,-0.76,12.26,-2.1111538
14735942243000,-1.38,9.96,-0.0
14735992231000,0.23,7.7,-0.53119355
14736042249000,-0.42,7.35,-0.0
14736092267000,-0.95,8.58,-0.27240697
14736142225000,-2.79,8.92,0.46309182
14736192273000,-3.06,11.56,0.3405087
14736242200000,-2.3,10.99,0.23154591
14736292279000,-2.79,11.73,-2.9556155
14736342206000,2.26,11.35,-1.0351465
14736392347000,0.57,10.53,-0.8036005
14736442243000,-3.02,13.4,-1.0351465
14736492261000,-0.95,11.3,-1.1849703
14736542218000,-1.04,10.31,-0.5720546
14736592298000,-0.04,10.04,1.0760075
14736642255000,0.95,8.24,1.4982382
14736692273000,0.69,7.7,2.3426998
14736742200000,0.11,7.55,2.5606253
14736792310000,-1.04,8.16,4.1814466
14736842237000,-2.22,8.35,4.5628166
14736892316000,-2.07,8.66,3.8681788
14736942243000,-1.42,8.12,3.3778462
14736992231000,-0.61,14.29,2.5333846
14737042218000,-1.08,9.62,0.88532263
14737092267000,-0.95,7.4,-2.4108016
14737142225000,-2.45,11.75,0.84446156
14737192304000,2.18,9.04,0.3405087
14737242200000,-0.65,9.72,0.8036005
14737292279000,-1.73,9.19,0.50395286
14737342237000,-1.61,9.04,2.2609777
14737392316000,-1.23,7.25,1.6480621
14737442243000,0.31,4.94,1.1849703
14737492231000,0.31,6.82,1.0351465
14737542218000,-4.02,9.72,1.6480621
14737592298000,-4.1,7.08,2.3018389
14737642255000,-3.11,15.21,4.140586
14737692273000,-0.8,12.98,3.7864566
14737742200000,-1.42,12.34,5.597963
14737792310000,0.57,11.07,5.2165933
14737842237000,-1.92,5.67,2.5333846
14737892316000,-0.53,5.13,3.173541
14737942212000,1.12,5.75,2.1111538
14737992505000,-2.83,6.59,2.070293
14738042249000,0.65,8.16,3.1463003
14738092267000,-2.41,10.08,3.990762
14738142224000,0.84,9.23,2.5606253
14738192304000,-0.69,11.96,3.486809
14738242231000,-4.9,11.99,-2.3426998
14738292279000,0.53,14.37,3.0645783
14738342206000,-4.79,11.35,0.27240697
14738392286000,-0.11,6.89,0.6537767
14738442212000,-0.76,8.66,1.9477097
14738492261000,-3.36,7.55,3.2961242
14738542218000,-1.61,6.66,2.3426998
14738592298000,-3.45,8.81,1.9477097
14738642255000,-2.11,7.67,1.879608
14738692273000,-1.65,17.27,3.5957718
14738742261000,-1.92,11.84,3.1463003
14738792310000,-1.12,12.3,5.7886477
14738842237000,-1.69,8.2,3.5276701
14738892286000,-0.38,6.24,2.4516625
14738942212000,-0.27,3.45,1.1168685
14738992414000,-0.5,5.86,1.607201
14739042249000,-0.34,7.67,3.0237172
14739092267000,-1.61,10.84,4.372132
14739152326000,-0.72,9.15,3.5957718
14739202161000,-2.3,10.23,0.9942854
14739252210000,-2.87,13.67,-1.1849703
14739302289000,-0.23,16.63,3.5957718
14739352277000,-4.63,8.05,-1.1849703
14739402265000,-1.76,10.38,1.4573772
14739452344000,-1.33,7.31,-0.08172209
14739512250000,0.08,6.66,2.1792557
14739562207000,-1.53,7.55,2.4925237
14739612317000,-4.33,7.89,1.6889231
14739662244000,-4.52,8.54,2.4516625
14739712293000,-3.79,11.22,1.879608
14739762250000,0.76,13.59,3.445948
14739812268000,-0.11,14.75,4.099725
14739862287000,-1.31,11.41,4.3312707
14739912580000,-1.08,9.89,3.486809
14739962262000,-1.46,6.28,2.0294318
14740012250000,1.33,6.05,1.7297841
14740062299000,1.33,5.01,1.334794
14740112134000,-0.72,5.86,0.8036005
14740112134000,-0.72,5.86,0.8036005
14740212262000,-1.95,9.53,4.440233
14740263776000,0.69,14.25,5.09401
14740312207000,-4.1,8.12,-4.903325
14740362317000,0.11,14.33,4.5628166
14740412214000,-4.4,10.73,-0.50395286
14740462293000,-3.87,10.92,2.4925237
14740512220000,-0.42,8.66,0.88532263
14740562268000,-1.92,6.7,2.7921712
14740612317000,-2.68,7.12,1.879608
14740662763000,-4.33,7.67,2.3018389
14740712232000,-3.49,9.04,1.6889231
14740762281000,-0.23,14.71,3.255263
14740812207000,-2.45,13.57,4.372132
14740862348000,-1.14,11.35,4.4810944
14740912214000,-0.84,8.35,3.0645783
14740962293000,0.34,4.9,1.56634
14741012250000,0.11,4.48,1.920469
14741062299000,-2.11,7.06,2.4516625
14741112287000,0.57,8.85,4.440233
14741162275000,0.11,8.43,2.4516625
14741212262000,0.69,10.95,2.1792557
14741262342000,-5.6,12.91,-0.84446156
14741312268000,-2.56,17.73,4.399372
14741362317000,-3.15,7.78,-0.38136974
14741412214000,-0.15,9.77,2.0294318
14741462262000,-2.45,8.96,1.56634
14741512250000,-2.64,6.66,2.7649305
14741562299000,-2.22,6.89,1.9885708
14741612256000,-3.91,8.39,1.6480621
14741662275000,-3.17,7.55,2.070293
14741712262000,-2.56,9.19,2.6832085
14741762281000,-1.42,14.14,3.568531
14741812238000,-2.49,11.99,5.175732
14741862317000,-0.23,12.76,5.9793324
14741912214000,-1.69,5.67,2.6423476
14741962293000,-0.95,5.71,3.173541
14742012250000,0.04,7.12,2.5333846
14742062268000,-2.72,7.01,1.3756552
14742112256000,0.31,8.96,3.9499009
14742162275000,-2.34,9.72,1.8387469
14742212201000,0.38,8.24,3.990762
14742262311000,0.72,10.04,2.9147544
14742312207000,-4.14,10.12,-2.7513103
14742362348000,-1.38,16.63,4.440233
14742412214000,-3.79,11.99,-0.29964766
14742462293000,-2.41,11.07,1.2666923
14742512250000,-1.04,8.24,0.88532263
14742562299000,-1.88,6.55,0.61291564
14742612256000,-2.64,7.86,2.7921712
14742662275000,-1.88,5.37,1.4165162
14742712262000,-4.29,8.08,1.56634
14742762311000,-2.98,7.21,1.0760075
14742812207000,-2.37,11.96,2.4108016
14742862287000,1.61,15.6,2.4925237
14742912244000,-1.04,14.18,3.445948
14742962262000,-0.19,11.92,5.407278
14743012250000,-0.69,7.59,2.6014864
14743062299000,-0.84,6.44,2.3699405
14743112226000,-0.19,4.79,1.920469
14743162275000,-1.31,6.78,3.214402
14743212201000,0.08,7.08,2.070293
14743262281000,-0.5,10.38,3.445948
14743312207000,-0.5,8.2,4.2495484
14743362287000,-2.3,13.18,2.9147544
14743412244000,-3.34,12.72,-3.2961242
14743462293000,-1.99,16.55,4.8216033
14743512281000,-1.31,11.07,-3.718355
14743562268000,-2.96,11.14,1.56634
14743612226000,-0.76,8.47,-0.10896278
14743662244000,-0.95,7.63,0.14982383
14743712201000,-1.46,7.93,0.27240697
14743762250000,-1.23,8.24,-0.3405087
14743812207000,-1.33,9.53,-0.61291564
14743862287000,-0.57,11.54,-0.42223078
14743912214000,-1.73,9.38,-3.5276701
14743962262000,-1.08,11.56,-2.0294318
14744012281000,-1.53,11.69,-3.0645783
14744062268000,-1.23,10.84,-1.7297841
14744112256000,-1.14,11.96,-1.4573772
14744162275000,-3.45,12.45,-3.9090397
14744212201000,-3.68,9.72,-2.8738933
14744262281000,-0.3,10.53,-1.334794
14744312207000,-0.5,9.53,-1.7297841
14744362256000,-2.72,9.89,-0.10896278
14744412885000,-1.42,9.85,0.6537767
14744462232000,-1.08,9.11,0.6946377
14744512281000,-0.15,8.54,1.4165162
14744562268000,-0.91,8.16,2.4108016
14744612287000,-2.26,7.93,2.1111538
14744662244000,-2.34,7.89,3.1054392
14744712293000,-3.15,8.85,3.636633
14744762281000,-3.3,8.35,2.9147544
14744812268000,-1.46,8.24,3.405087
14744862226000,-0.5,10.99,2.4108016
14744912275000,-1.04,14.25,3.6774938
14744962201000,-0.53,6.47,-1.56634
14745012250000,-3.45,10.92,-0.61291564
14745062207000,-1.18,10.46,-0.14982383
14745112348000,0.99,9.28,1.1849703
14745162336000,-0.08,9.77,0.7627395
14745212232000,-1.38,9.53,-0.040861044
14745212232000,-1.38,9.53,-0.040861044
14745312329000,-0.15,9.7,0.84446156
14745362287000,-0.84,9.53,1.5390993
14745412275000,-1.31,8.47,1.4982382
14745462262000,-1.18,7.5,1.7297841
14745512250000,-1.42,8.73,1.4573772
14745562268000,-2.37,8.85,1.4165162
14745612226000,-2.26,8.05,1.9885708
14745662305000,-2.91,9.28,1.879608
14745712232000,-4.14,8.66,1.4982382
14745762311000,-1.95,7.16,1.1849703
14745812268000,1.69,13.87,3.568531
14745862287000,-0.23,13.63,3.8681788
14745912152000,-0.34,11.6,4.399372
14745912152000,-0.34,11.6,4.399372
14745972272000,-4.48,10.12,4.944186
14746022504000,0.15,7.5,3.3778462
14746072309000,-1.12,6.78,2.5333846
14746122846000,0,5.22,2.3699405
14746182294000,-1.92,4.67,1.2666923
14746232282000,-0.42,6.05,1.6480621
14746282361000,-0.38,9.19,4.140586
14746332288000,-1.65,9.51,4.7535014
14746382306000,0.08,16.04,3.8273177
14746432264000,-3.15,11.11,-1.1168685
14746482282000,-2.03,14.86,1.6889231
14746532270000,-3.11,12.11,0.3405087
14746582318000,0.65,8.69,0.42223078
14746632276000,-1.65,7.7,0.38136974
14746682294000,-1.53,6.21,1.3075534
14746732282000,-3.49,6.93,1.7570249
14746782270000,-2.26,5.94,1.7570249
14746832257000,-5.33,8.54,1.7570249
14746882276000,-3.53,9.34,1.6480621
14746932264000,-0.15,16.86,3.2961242
14746982343000,0.46,12.26,2.6423476
14747032270000,-1.65,15.51,6.1700177
14747082318000,0.42,7.59,2.6423476
14747132276000,-1.5,8.39,2.9556155
14747182264000,-1.46,4.1,1.56634
14747232282000,-0.46,4.52,1.920469
14747282270000,0.95,5.67,0.6946377
14747332288000,1.84,9.28,2.2201166
14747382306000,-0.76,10.04,4.4810944
14747432264000,0.23,12.15,2.8738933
14747482282000,-5.43,11.03,-1.334794
14747532270000,-1.5,16.78,3.405087
14747582318000,-1.84,10.84,0.14982383
14747632276000,-1.23,6.13,-0.38136974
14747682264000,-3.15,10.31,2.2609777
14747732282000,-2.6,7.82,2.4108016
14747782300000,-0.8,6.55,2.2201166
14747832288000,-2.34,8.16,1.4165162
14747882337000,-3.3,7.93,1.7978859
14747932264000,-3.06,8.62,1.879608
14747982312000,-0.3,15.75,4.944186
14748032270000,-2.22,12.49,5.09401
14748082318000,-1.08,10.5,6.0882955
14748132276000,-2.49,5.98,3.255263
14748182264000,-0.27,5.63,3.718355
14748232282000,0.42,6.47,2.5606253
14748282270000,-3.83,7.12,2.4516625
14748332288000,0.99,8.54,3.255263
14748382276000,-2.41,9.28,2.982856
14748432264000,0.11,8.62,3.5957718
14748482282000,-1.5,11.88,2.7240696
14748532270000,-3.83,9.92,-3.1463003
14748582288000,-1.08,17.08,5.8976107
14748632276000,-3.45,8.31,-2.1111538
14748682264000,-0.65,11.88,2.070293
14748732282000,-0.38,6.51,0.23154591
14748782300000,-1.46,5.75,3.405087
14748832288000,-3.21,6.63,1.9885708
14748882337000,-5.13,6.36,1.7978859
14748932264000,-3.72,8.31,1.2666923
14748982282000,-0.8,15.94,4.140586
14749032270000,-0.23,12.76,3.405087
14749082288000,-1.73,17.77,8.430995
14749132276000,-1.42,7.31,2.9147544
14749182264000,-2.64,6.89,3.2961242
14749232282000,0.76,5.67,2.3699405
14749282270000,0.57,4.33,1.7978859
14749332441000,-1.61,6.09,1.334794
14749382306000,1.12,8.39,2.6423476
14749432264000,-2.53,10.12,3.0645783
14749482343000,-0.34,9,4.862464
14749532239000,-2.68,12.49,-0.10896278
14749582288000,0.04,12.49,-2.2201166
14749632276000,-3.6,15.02,5.434519
14749682294000,-3.79,7.78,-1.7297841
14749732282000,-1.23,10.73,2.8330324
14749782300000,-1.31,7.25,0.8036005
14749832288000,-2.96,7.12,2.9147544
14749882306000,-0.89,6.21,1.1849703
14749932264000,-2.22,6.97,1.879608
14749982343000,-3.95,8.47,2.0294318
14750032270000,-3.02,8.96,2.4108016
14750082318000,-0.15,16.44,3.759216
14750132276000,-1.53,15.24,4.944186
14750182294000,0.42,10.23,4.5628166
14750232282000,-2.45,6.55,2.7921712
14750282270000,-0.15,5.6,2.8738933
14750332288000,0.08,4.14,1.879608
14750382306000,-2.14,7.35,2.1792557
14750432264000,1.42,8.5,3.5957718
14750482282000,-1.99,11.22,3.0645783
14750532300000,-0.15,10.99,3.6774938
14750582318000,-4.21,9.7,-0.88532263
14750632276000,-0.65,14.37,1.6889231
14750682264000,-0.69,14.02,-0.46309182
14750732282000,-3.45,10.08,0.3405087
14750782300000,-0.61,9.58,1.56634
14750832288000,-1.95,6.55,0.040861044
14750882276000,-2.03,8.31,2.1111538
14750942334000,-2.34,7.46,2.4516625
14750992322000,-2.96,7.46,0.95342433
14751042310000,-3.91,9.77,2.1792557
14751092206000,-3.11,8.01,1.7978859
14751142286000,-2.18,10.88,2.152015
14751192243000,0.5,12.18,1.7978859
14751242292000,-1.31,13.06,2.9556155
14751292249000,-1.57,11.07,4.2086873
14751342267000,-0.91,9.92,2.6014864
14751392225000,1.31,6.13,1.1849703
14751442304000,-0.72,5.83,2.4925237
14751492200000,-1.14,7.06,2.4925237
14751542310000,-0.23,9.81,2.4108016
14751592206000,0.15,9.62,3.718355
14751642286000,-0.89,11.11,2.8738933
14751692273000,-5.2,11.75,-1.0351465
14751742292000,-3.6,9.66,-0.19068487
14751852124000,-1.14,9.66,-0.19068487
14751852124000,-1.14,9.66,-0.19068487
14751902204000,-0.5,8.69,-0.19068487
14751952375000,-0.34,8.43,0.08172209
14752002637000,-1.31,8.24,0.6537767
14752052320000,-2.6,9.08,-0.46309182
14752112287000,-2.18,9.47,-1.525479
14752162244000,0.34,10.08,-2.9147544
14752212262000,-0.57,12.6,-0.9942854
14752262250000,-0.5,11.92,-2.3426998
14752312268000,0.5,10.08,-1.1849703
14752362256000,-0.15,11.84,-0.6537767
14752412275000,-0.76,11.8,-2.1111538
14752462232000,-1.18,10.23,-0.8036005
14752512281000,-1.76,10.38,0.9942854
14752562207000,-2.37,9.08,0.6946377
14752612287000,-2.41,9.38,0.10896278
14752662214000,-0.11,9.58,1.0351465
14752712293000,-0.34,9.77,2.1792557
14752762250000,-1.42,8.01,2.3018389
14752812268000,-1.8,7.01,2.2201166
14752862256000,-1.65,7.46,4.4810944
14752912275000,-1.65,7.59,2.070293
14752962232000,0.15,7.86,3.214402
14753012250000,-0.61,16.32,3.718355
14753062268000,-3.72,6.51,-2.7240696
14753112287000,-2.34,10.42,0.42223078
14753162214000,-0.8,10.23,1.3075534
14753212262000,0,8.39,1.0351465
14753262220000,-1.76,9.51,1.2258313
14753312268000,-2.91,8.69,0.6946377
14753362226000,-2.26,8.05,1.7297841
14753412305000,-0.69,5.9,1.2666923
14753462201000,-1.27,8.5,1.3756552
14753512250000,-2.3,9,1.3756552
14753562268000,-1.65,7.63,1.6480621
14753612317000,-2.45,9,2.3018389
14753662244000,-1.5,12.6,2.9147544
14753712262000,1.57,13.8,4.0180025
14753762281000,-1.95,12.6,4.903325
14753812268000,-0.89,10.53,5.366417
14753862287000,-1.73,6.09,1.4573772
14753912305000,-1.12,4.79,2.3699405
14753962201000,0.53,5.28,2.4516625
14754012281000,-1.42,7.44,1.7297841
14754062238000,0.46,9.77,3.5957718
14754112745000,-0.91,11.41,3.2961242
14754112745000,-0.91,11.41,3.2961242
14754173597000,0.11,7.97,2.6423476
14754222882000,-2.68,10.57,0.88532263
14754272809000,-2.79,12.6,-0.6537767
14754322889000,-2.22,16.25,1.4982382
14754372815000,-3.72,11.84,0.92618364
14754422864000,0.04,10.95,1.2666923
14754472821000,-0.5,7.27,-0.42223078
14754522870000,0,3.49,0.50395286
14754572705000,-0.3,7.25,1.7978859
14754622876000,-3.72,7.16,2.8330324
14754672834000,-3.02,7.67,0.7627395
14754722852000,-4.67,8.85,1.7978859
14754772809000,-0.23,17.27,3.990762
14754822889000,2.87,11.45,2.7240696
14754872815000,-4.4,17.88,7.3549876
14754922864000,-1.88,8.69,3.336985
14754972791000,-1.04,4.14,2.9147544
14755022840000,0.53,4.82,1.920469
14755073285000,-0.23,4.44,2.6832085
14755122876000,-1.65,5.52,1.1168685
14755172864000,0.89,10.31,3.718355
14755222852000,-1.12,10.5,3.173541
14755272840000,-0.38,10.34,4.9850473
14755322858000,-4.1,9.62,-3.173541
14755372785000,-0.91,18.62,4.2495484
14755422864000,-1.73,9.08,0.27240697
14755472852000,-1.57,8.89,0.27240697
14755522809000,-2.26,9.15,1.5390993
14755572797000,-0.53,6.63,2.3699405
14755623517000,-1.38,7.08,2.7240696
14755672834000,-3.91,7.16,1.9477097
14755723127000,-3.64,8.28,1.4982382
14755772779000,-3.6,8.24,1.5390993
14755822858000,1.04,14.86,3.5957718
14755872815000,-1.99,13.44,3.9499009
14755922864000,-1.14,10.42,5.134871
14755972821000,-0.27,8.92,3.9090397
14756022840000,-0.04,4.9,1.7978859
14756072828000,1.33,5.05,2.2609777
14756122846000,-0.89,6.74,2.6832085
14756172864000,-1.18,11.18,3.336985
14756222852000,0.04,10.38,3.636633
14756272779000,-1.42,9.43,3.214402
14756322828000,-4.82,10.65,-2.4108016
14756372815000,2.41,13.59,3.336985
14756422864000,-2.26,10.99,-0.7627395
14756472821000,-5.56,9.08,1.1168685
14756522840000,0.76,9.58,1.4165162
14756572797000,-3.49,7.21,2.5606253
14756622815000,-1.04,8.92,2.2609777
14756672834000,-3.53,7.67,2.5333846
14756722852000,-3.26,8.24,1.6480621
14756772779000,-0.46,11.18,2.3426998
14756822858000,0.15,14.25,2.8738933
14756892377000,-1.33,13.44,4.903325
14756942212000,-0.65,8.28,2.8738933
14756992353000,0.31,5.52,2.152015
14757052259000,0.61,2.68,2.6014864
14757102216000,-3.49,8.62,2.7649305
14757152265000,0.95,11.5,4.1814466
14757202253000,-0.89,10.27,1.8387469
14757252271000,0.19,12.03,5.5162406
14757302228000,-3.53,9.72,-0.19068487
14757352277000,0.57,10.46,-2.0294318
14757402265000,-4.29,16.82,5.243834
14757452283000,-3.72,6.4,-2.5333846
14757502210000,-1.8,10.23,2.3426998
14757552259000,-0.65,8.39,0.8036005
14757602246000,-1.99,6.93,2.7921712
14757602246000,-1.99,6.93,2.7921712
14757702161000,-4.06,8.16,2.070293
14757752210000,-3.79,8.2,1.334794
14757802381000,-1.38,10.5,3.2961242
14757852246000,1.14,15.85,3.0645783
14757902265000,-2.37,10.61,3.3778462
14757952253000,-1.23,10.23,5.8567495
14758002271000,-0.19,5.28,2.4925237
14758052228000,0.27,5.05,3.336985
14758102308000,-2.96,6.32,1.607201
14758152204000,-0.27,8.89,2.4516625
14758202314000,0.65,11.56,5.434519
14758252271000,0.31,8.69,1.8387469
14758302259000,-3.06,9,3.3778462
14758352216000,-3.36,13.18,-3.6774938
14758402265000,0.27,17.16,7.4639506
14758452253000,-5.2,7.16,-3.173541
14758502271000,-0.91,9.85,1.3756552
14758552198000,-2.03,8.85,0.84446156
14758602277000,-3.17,6.85,1.6889231
14758652234000,-1.73,8.54,1.879608
14758702283000,-2.14,8.31,1.6480621
14758752271000,-4.18,9.38,1.1441092
14758802259000,-2.22,8.2,1.0351465
14758852246000,-0.84,9.62,0.7627395
14758902265000,2.76,14.37,3.173541
14758952253000,-2.56,10.88,1.9885708
14759002301000,-2.53,14.02,6.3198414
14759052259000,0.04,11.11,4.2086873
14759102308000,-2.07,4.71,1.7570249
14759152204000,-0.42,6.66,2.6832085
14759202314000,0.89,5.63,1.0760075
14759252271000,0.38,6.59,0.6537767
14759302259000,0.15,8.58,2.2609777
14759352246000,-0.46,11.11,4.5219555
14759402295000,-1.92,7.82,4.630918
14759452253000,-0.69,15.64,2.8738933
14759502301000,-5.82,7.35,-2.5333846
14759552198000,-3.53,17.82,3.486809
14759602277000,1.31,7.21,-2.4108016
14759652234000,0.38,10.84,-0.27240697
14759702283000,-0.11,10.42,-0.38136974
14759752210000,-1.69,8.66,1.607201
14759802259000,-1.42,8.73,-0.3405087
14759852246000,-1.42,9.72,0.6537767
14759902265000,-1.08,9.66,0.7218784
14759952222000,-0.57,9.47,-0.9125633
14760002271000,1.04,9.85,-0.38136974
14760052228000,-1.12,11.37,-2.1792557
14760102277000,-1.27,13.21,-1.334794
14760152234000,-0.34,10.08,-1.2258313
14760202253000,-0.57,10.88,-0.53119355
14760252301000,-0.69,13.06,-1.4573772
14760302259000,-1.27,9.77,-1.56634
14760352246000,-2.56,9.89,0.92618364
14760402295000,-1.8,9.19,0.9942854
14760452222000,-2.41,8.96,0.8036005
14760502271000,-1.42,8.28,1.1849703
14760552198000,-1.95,7.21,2.2609777
14760602277000,-3.06,9.66,3.3778462
14760652234000,-3.49,7.59,3.9499009
14760702314000,-3.34,7.21,3.336985
14760752210000,-3.3,7.44,2.7649305
14760802259000,-1.23,15.4,2.4516625
14760852246000,-1.99,7.59,0.88532263
14760902265000,0.72,8.81,-0.7218784
14760952222000,-4.14,11.56,1.0351465
14761002271000,0.11,8.92,1.6480621
14761052259000,-1.76,9.72,1.1441092
14761102308000,-1.73,8.73,0.3405087
14761152204000,-2.3,9.28,1.3075534
14761202283000,-0.57,8.39,1.2258313
14761252240000,-0.8,6.55,1.9885708
14761302259000,-0.89,6.4,0.5720546
14761352216000,-2.98,8.01,1.2666923
14761402265000,-3.21,8.35,2.2201166
14761452253000,-3.11,8.05,1.607201
14761502271000,-0.76,14.37,5.284695
14761552228000,-0.3,13.1,2.5333846
14761602338000,-3.15,14.67,5.053149
14761652234000,1.5,12.26,9.302697
14761702283000,-1.18,5.43,-0.3405087
14761752210000,0.23,7.16,3.0645783
14761802289000,0.99,5.37,1.7978859
14761852246000,-0.23,4.71,2.1792557
14761902295000,-1.38,5.13,0.9942854
14761952253000,-0.3,9.85,4.2086873
14762002271000,-3.15,10.61,4.0180025
14762052228000,0.72,13.72,5.053149
14762102308000,-6.59,9.72,-4.140586
14762152204000,-1.12,18.05,1.7978859
14762202283000,-1.14,10.65,0.6946377
14762252271000,-2.87,8.54,-0.6537767
14762302259000,1.08,7.67,2.1792557
14762352246000,-0.42,5.6,2.4516625
14762402295000,-2.14,6.59,3.568531
14762452222000,-3.45,7.01,1.4982382
14762502301000,-3.41,9.53,2.7240696
14762552198000,-2.34,10.46,2.4925237
14762602308000,0.76,15.21,4.2495484
14762652234000,-1.65,13.29,5.407278
14762702314000,0,8.47,4.5628166
14762752362000,0.38,7.16,2.3426998
14762802503000,1.23,3.72,2.4516625
14762852308000,-2.79,7.86,3.568531
14762902326000,-1.5,8.16,2.152015
14762962232000,-0.91,10.46,3.759216
14763012220000,-0.23,10.53,4.0180025
14763062268000,-5.01,11.26,-0.08172209
14763112226000,0.42,10.19,-0.6537767
14763162305000,-0.89,15.4,2.8738933
14763212262000,-2.22,5.33,0.10896278
14763262342000,0.08,10.08,2.982856
14763312238000,-2.37,7.67,2.6423476
14763362287000,-3.41,6.93,2.3699405
14763412275000,-3.17,9.23,2.2609777
14763462293000,-1.23,7.78,1.4573772
14763512281000,-0.65,13.63,3.173541
14763512281000,-0.65,13.63,3.173541
14763512281000,-0.65,13.63,3.173541
14763662214000,-2.53,9.23,3.405087
14763712384000,0.08,5.83,2.2201166
14763762250000,0.38,5.18,2.3426998
14763812268000,0.31,5.28,1.4982382
14763862226000,-1.88,7.89,1.4573772
14763912397000,0.53,10.69,4.6036777
14763962262000,0.04,10.99,2.8738933
14764012281000,-3.95,11.18,0.42223078
14764062238000,-1.14,14.67,0.53119355
14764112287000,-2.3,12.37,1.920469
14764162244000,-2.34,10.31,-0.27240697
14764212262000,0.69,8.58,1.9477097
14764262250000,-0.89,5.86,0.23154591
14764312268000,-2.75,7.93,3.1463003
14764362226000,-1.33,6.47,2.2201166
14764412305000,-4.99,8.69,2.152015
14764462201000,-2.64,9.04,1.9477097
14764512281000,0.61,15.66,4.1814466
14764562238000,-0.61,12.34,3.7864566
14764612287000,-1.31,11.73,5.175732
14764662244000,-1.5,9.51,3.990762
14764712232000,0,4.63,2.2609777
14764762250000,-0.42,3.68,1.2258313
14764812268000,-1.57,6.89,1.1168685
14764862287000,1.31,9.58,3.0645783
14764912305000,-2.03,10.31,4.1814466
14764962262000,0.53,9.15,3.0237172
14765012281000,-5.75,10.34,0.040861044
14765062207000,-0.53,14.63,0.42223078
14765112317000,-1.8,14.75,3.636633
14765162244000,-3.15,7.06,-1.2258313
14765212232000,1.12,7.82,2.5333846
14765262922000,-1.99,8.43,1.7297841
14765312268000,-3.53,6.47,4.0180025
14765362317000,-3.79,7.5,1.8387469
14765412244000,-3.21,9.08,1.879608
14765462293000,-0.42,16.93,3.9090397
14765462293000,-0.42,16.93,3.9090397
14765532270000,-1.14,10.8,3.990762
14765582288000,-0.65,12.49,4.671779
14765632276000,-0.23,4.4,1.2258313
14765682294000,0.95,4.25,2.1111538
14765732282000,-1.31,7.59,1.7570249
14765782270000,1.38,7.97,2.1111538
14765832318000,-1.53,10.23,4.7126403
14765882276000,-0.89,7.46,1.6480621
14765932294000,-1.92,11.07,3.718355
14765982282000,-3.76,12.34,-2.8738933
14766032331000,0.11,15.89,3.990762
14766082288000,-4.21,12.79,0.53119355
14766132276000,1.46,10.69,0.3405087
14766182264000,-1.46,7.25,0.38136974
14766232312000,-0.42,4.94,0.9942854
14766282300000,-1.18,5.83,1.56634
14766332349000,-3.57,7.31,1.7978859
14766382276000,-3.21,9.28,2.4516625
14766432264000,-4.79,9.85,2.1111538
14766482282000,1.95,15.09,3.1054392
14766532270000,-2.53,12.6,1.8387469
14766582288000,-2.75,13.76,5.829509
14766632276000,-0.34,9.08,2.7649305
14766682264000,0.8,6.63,2.0294318
14766732373000,0.04,5.22,0.46309182
14766782270000,2.11,6.4,1.1168685
14766832318000,0.11,7.44,0.7218784
14766882276000,0.19,11.99,5.2165933
14766932294000,-0.3,10.34,5.434519
14766982312000,-2.83,13.82,4.630918
14767032270000,-4.25,5.63,-5.434519
14767082288000,-3.15,17.97,0.08172209
14767132276000,0.53,8.66,-2.6832085
14767182264000,-3.15,12.34,-0.9125633
14767232282000,-0.34,10.53,-0.7627395
14767282270000,-2.72,8.43,-0.6946377
14767332318000,-2.07,8.73,-1.7297841
14767382245000,-1.14,8.73,-1.1441092
14767432477000,-1.88,9.58,-1.0760075
14767482282000,-2.53,9.77,-2.3426998
14767532300000,-2.22,10.12,-3.5957718
14767582288000,-2.3,12.76,-2.6014864
14767632276000,-1.57,12.3,-2.7240696
14767682264000,-0.15,8.89,-2.4516625
14767732312000,0.31,11.35,-1.9885708
14767782270000,-2.41,12.11,-2.9556155
14767832288000,-2.75,10.69,-1.1849703
14767882276000,-1.53,9.92,-0.6946377
14767932294000,-2.26,8.5,-0.29964766
14767982282000,-1.99,9.92,0.46309182
14768032300000,-0.89,9.96,1.2666923
14768082288000,1.04,8.39,1.5390993
14768132306000,0.57,6.36,1.7570249
14768182264000,-1.33,6.66,3.9499009
14768232312000,-4.82,8.01,4.944186
14768282270000,-5.24,9.81,4.671779
14768332288000,-1.61,9.81,1.920469
14768382276000,-0.23,15.02,4.372132
14768432294000,-2.41,6.05,-2.4108016
14768482282000,-2.98,11.11,-1.607201
14768532300000,0.27,10.65,2.8738933
14768582288000,0.69,8.66,-0.27240697
14768642347000,-2.03,9.08,0.7218784
14768692243000,-1.65,7.97,1.2666923
14768742322000,-1.18,8.89,3.0645783
14768792218000,-1.5,4.29,-0.08172209
14768842298000,1.46,7.01,1.4165162
14768892225000,-1.42,9.81,1.9477097
14768942304000,-3.26,9.19,3.1054392
14768992231000,-3.41,7.08,2.4925237
14769042279000,-1.27,17.73,4.1814466
14769092328000,-0.46,16.25,4.9850473
14769142316000,1.04,8.2,4.6036777
14769192243000,-1.76,13.02,5.7886477
14769242292000,-1.33,3.91,1.4165162
14769292249000,-0.61,4.6,2.1111538
14769342298000,1.42,3.95,1.5390993
14769392255000,0.27,6.44,1.3075534
14769392255000,0.27,6.44,1.3075534
14769392255000,0.27,6.44,1.3075534
14769542279000,-1.76,11.8,4.7535014
14769592237000,-0.04,13.4,0.61291564
14769642225000,-1.8,11.14,-0.29964766
14769692273000,-0.91,18.39,2.7649305
14769742200000,-2.91,10.08,-0.50395286
14769792371000,2.64,8.66,-0.88532263
14769842206000,-0.38,7.35,1.7570249
14769892316000,-1.99,4.48,0.92618364
14769942243000,-4.25,6.02,1.9477097
14769992261000,-2.3,5.43,1.0760075
14770042279000,-2.56,8.12,1.920469
14770092267000,-4.37,10.92,1.7297841
14770142225000,0.34,15.43,4.6036777
14770192273000,-1.18,17.31,6.4424243
14770242200000,-3.26,9.66,4.862464
14770292646000,-0.19,4.67,2.2201166
14770342206000,0.72,2.83,1.5390993
14770392255000,0.31,4.82,1.334794
14770442273000,-3.53,7.5,0.95342433
14770492322000,1.14,9.85,4.7535014
14770542310000,0.76,9.7,1.4982382
14770592237000,-5.71,13.95,2.4516625
14770642316000,-4.48,16.04,2.2609777
14770692212000,-0.04,8.89,-0.14982383
14770742261000,0.84,9.19,2.0294318
14770792249000,-1.8,9.11,3.2961242
14770842298000,-2.98,6.47,2.4516625
14770892255000,-2.6,6.02,2.3018389
14770942304000,-2.64,7.12,1.1441092
14770992200000,-1.38,15.21,3.718355
14771042279000,-0.15,12.07,4.2904096
14771092206000,-0.61,14.41,6.701211
14771142316000,-0.69,8.2,2.6832085
14771192212000,0.84,1.42,1.6889231
14771242261000,0.15,3.34,1.9477097
14771292218000,-0.76,9.85,1.2258313
14771342267000,-0.04,11.35,4.944186
14771392225000,0.46,8.35,3.486809
14771442273000,-2.72,11.26,0.92618364
14771492200000,-2.34,15.75,-0.10896278
14771542249000,-1.14,13.8,4.9850473
14771592206000,-3.79,9,-0.8036005
14771642316000,2.15,8.39,2.1111538
14771692243000,-1.88,7.55,1.7978859
14771742292000,-3.15,6.51,2.3699405
14771792218000,-3.95,7.35,2.5333846
14771842298000,-1.99,7.82,1.6480621
14771892255000,-2.68,9.7,2.3018389
14771942273000,0.15,13.72,3.5957718
14771992231000,-2.34,15.02,5.6660647
14772042279000,0.34,13.95,4.862464
14772092237000,0.65,5.63,2.4108016
14772142286000,-0.15,3.06,1.4573772
14772192212000,-0.23,4.63,1.2258313
14772242261000,-1.27,6.32,0.53119355
14772292218000,0.61,11.54,4.3312707
14772342267000,-1.23,10.42,3.568531
14772392225000,-3.15,10.92,1.3075534
14772442273000,-2.07,16.32,1.1849703
14772492231000,3.02,12.79,1.6480621
14772542249000,-2.37,9.77,0.27240697
14772592206000,0.46,8.73,3.5957718
14772642316000,-5.6,9.92,0.7627395
14772692212000,-1.69,5.98,1.879608
14772742292000,-1.42,6.32,2.070293
14772792218000,-3.57,7.59,2.4108016
14772842267000,-3.02,8.16,1.6889231
14772892255000,-2.34,14.29,3.255263
14772942273000,-1.04,13.18,5.134871
14772992231000,-0.46,11.69,5.134871
14773042279000,0.61,7.82,2.7240696
14773092237000,0.84,3.45,2.3699405
14773142316000,-2.03,6.82,3.3778462
14773192212000,-0.8,7.7,1.1849703
14773242261000,-1.27,10.76,4.2086873
14773292218000,0,5.56,0.6537767
14773342267000,-2.49,11.22,1.9477097
14773392225000,-2.6,18.39,2.2201166
14773442273000,-1.8,8.2,-0.29964766
14773492231000,-2.79,8.96,1.0760075
14773542249000,1.12,10.38,1.920469
14773592237000,-3.53,7.01,3.173541
14773642316000,-3.11,6.55,2.0294318
14773692243000,-3.79,7.86,1.5390993
14773742261000,-2.6,12.76,2.5333846
14773792218000,0.99,11.6,2.8330324
14773842267000,0.53,14.82,6.6331096
14773892255000,-1.33,11.14,4.7126403
14773944562000,0.46,6.63,3.5276701
14774002301000,0.65,4.14,1.7297841
14774052533000,-0.91,6.66,1.6889231
14774102277000,0.42,5.94,0.50395286
14774152234000,-1.92,9.7,3.9090397
14774202283000,-0.72,8.89,2.0294318
14774252301000,-0.38,10.5,6.3198414
14774302747000,-3.83,11.6,-1.3756552
14774352216000,-1.04,16.02,0.14982383
14774402265000,-3.41,12.07,4.3312707
14774452222000,0.8,10.95,-3.718355
14774502271000,-2.26,8.66,1.9477097
14774552381000,-5.05,7.97,1.607201
14774602277000,-2.34,7.7,1.56634
14774652265000,-5.28,8.69,0.27240697
14774702253000,-2.22,7.97,-0.6946377
14774752271000,-2.26,9.92,-0.9125633
14774802198000,1.08,14.71,-3.336985
14774852277000,-2.41,16.21,1.0760075
14774902204000,-0.99,15.13,1.7297841
14774952283000,0.89,13.67,-0.23154591
14775002240000,0.57,9.89,-2.2609777
14775052259000,-0.61,7.86,-1.4982382
14775102246000,-0.23,6.09,-2.3699405
14775152234000,-0.42,6.36,-2.4108016
14775202283000,-0.91,7.4,-2.4516625
14775252301000,-3.21,10.53,3.3778462
14775312329000,-3.6,10.53,3.3778462
14775362287000,-1.76,13.53,2.1111538
14775362287000,-1.76,13.53,2.1111538
14775462201000,-2.91,10.12,2.152015
14775512311000,-3.11,9.51,3.568531
14775512311000,-3.11,9.51,3.568531
14775572828000,-5.05,9.11,3.990762
14775622846000,-3.3,6.63,1.1849703
