1554219682487,-4.597,3.677,7.968
1554219682487,-4.597,3.677,7.968
1554219682497,-4.597,3.677,7.968
1554219682507,-4.597,3.677,7.968
1554219682507,-4.597,3.677,7.968
1554219682517,-4.597,3.677,7.968
1554219682528,-4.597,3.677,7.968
1554219682528,-4.597,3.677,7.968
1554219682556,-4.597,3.677,7.968
1554219682556,-4.597,3.677,7.968
1554219682559,-4.597,3.677,7.968
1554219682559,-4.903,3.677,8.274
1554219682605,-4.597,3.677,8.121
1554219682605,-4.597,3.677,8.121
1554219682605,-4.597,3.677,7.814
1554219682605,-4.597,3.677,7.814
1554219682605,-4.597,3.677,7.968
1554219682605,-4.597,3.677,7.968
1554219682605,-4.597,3.677,7.968
1554219682649,-4.597,3.677,7.968
1554219682651,-4.597,3.677,7.968
1554219682651,-4.597,3.677,7.968
1554219682651,-4.597,3.677,7.968
1554219682651,-4.597,3.677,7.968
1554219682652,-4.137,3.677,7.968
1554219682652,-4.137,3.677,7.968
1554219682652,-4.137,3.677,7.661
1554219682652,-4.137,3.677,7.661
1554219682659,-4.137,3.677,7.508
1554219682682,-4.137,3.677,7.508
1554219682684,-4.137,3.984,7.048
1554219682704,-8.274,4.597,4.137
1554219682704,-8.274,4.597,4.137
1554219682704,-7.814,5.209,4.597
1554219682723,-6.742,4.29,5.976
1554219682723,-3.217,3.064,6.895
1554219682723,-3.217,3.064,6.895
1554219682730,-1.838,1.379,7.508
1554219682731,-1.838,1.379,7.508
1554219682737,-1.379,1.072,7.968
1554219682747,-1.379,1.532,7.968
1554219682767,-2.758,1.992,7.968
1554219682767,-2.758,1.992,7.968
1554219682767,-3.217,2.298,9.347
1554219682767,-3.217,2.298,9.347
1554219682785,-3.371,2.145,9.96
1554219682785,-3.371,2.145,9.96
1554219682789,-4.137,2.145,11.492
1554219682803,-5.516,2.145,12.105
1554219682804,-5.516,2.145,12.105
1554219682807,-6.129,2.145,11.952
1554219682835,-5.822,2.145,10.726
1554219682835,-5.822,2.145,10.726
1554219682835,-2.911,1.838,10.726
1554219682837,-1.992,1.685,12.105
1554219682837,-1.992,1.685,12.105
1554219682850,-2.298,1.685,12.411
1554219682857,-2.604,2.145,11.645
1554219682869,-1.992,2.145,9.96
1554219682869,-1.992,2.145,9.96
1554219682878,-1.992,2.145,7.968
1554219682878,-1.992,2.145,7.968
1554219682904,-1.992,2.911,7.968
1554219682904,-1.992,2.911,7.968
1554219682904,-2.911,2.758,8.274
1554219682912,-2.911,2.758,8.427
1554219682918,-2.911,2.758,8.887
1554219682918,-2.911,2.758,8.887
1554219682928,-2.911,2.145,9.347
1554219682928,-2.911,2.145,9.347
1554219682937,-2.451,2.145,9.96
1554219682951,-2.298,2.145,10.419
1554219682957,-2.298,2.145,10.113
1554219682957,-2.298,2.145,10.113
1554219682967,-2.298,2.451,10.266
1554219682977,-2.604,2.604,10.266
1554219682977,-2.604,2.604,10.266
1554219682987,-2.604,2.604,10.266
1554219682998,-2.604,2.604,10.266
1554219683007,-2.911,2.911,10.573
1554219683026,-3.064,2.911,10.266
1554219683026,-3.064,2.911,10.266
1554219683027,-3.064,2.604,9.347
1554219683027,-3.064,2.604,9.347
1554219683037,-3.064,2.604,9.807
1554219683047,-1.992,2.145,9.653
1554219683060,-1.685,2.298,8.121
1554219683060,-1.685,2.298,8.121
1554219683067,-1.532,2.298,7.814
1554219683080,-1.532,1.992,8.427
1554219683088,-1.532,1.992,9.04
1554219683088,-1.532,1.992,9.04
1554219683206,-1.532,1.992,9.653
1554219683206,-1.532,1.685,9.5
1554219683206,-1.532,1.685,9.5
1554219683206,-0.919,1.072,9.5
1554219683206,-0.612,1.225,9.194
1554219683206,-0.612,1.225,9.194
1554219683206,-0.612,1.225,8.887
1554219683206,-0.612,1.225,8.887
1554219683208,-0.612,1.838,9.194
1554219683209,-0.612,1.838,8.887
1554219683209,-0.612,1.838,8.887
1554219683209,-0.612,1.838,8.734
1554219683209,-0.612,1.838,8.734
1554219683209,-0.612,1.838,8.121
1554219683209,-0.612,1.838,8.121
1554219683209,-0.612,2.145,8.427
1554219683209,-1.225,2.145,9.04
1554219683209,-1.225,2.145,9.04
1554219683211,-2.451,2.451,9.194
1554219683234,-3.064,2.604,8.887
1554219683234,-3.064,2.604,8.887
1554219683234,-2.911,1.992,10.419
1554219683238,-2.298,1.685,10.726
1554219683238,-2.298,1.685,10.726
1554219683247,-1.992,1.992,10.419
1554219683257,-1.838,2.298,10.419
1554219683257,-1.838,2.298,10.419
1554219683267,-1.838,1.532,10.726
1554219683277,-1.072,1.225,11.492
1554219683277,-1.072,1.225,11.492
1554219683291,-1.072,1.072,11.952
1554219683291,-1.072,1.072,11.952
1554219683297,-1.072,1.072,11.645
1554219683307,2.145,1.072,11.186
1554219683317,2.911,1.072,10.266
1554219683327,0.766,1.532,9.5
1554219683337,-1.072,2.604,9.04
1554219683337,-1.072,2.604,9.04
1554219683347,-2.298,2.758,9.04
1554219683367,-0.766,2.451,10.113
1554219683367,-0.766,2.451,10.113
1554219683377,-0.919,2.298,9.653
1554219683377,-0.919,2.298,9.653
1554219683387,-0.919,2.298,8.734
1554219683387,-0.919,2.298,8.734
1554219683397,-0.612,2.298,8.121
1554219683407,-0.612,2.298,7.968
1554219683417,-0.919,2.298,7.968
1554219683427,-0.919,2.298,7.968
1554219683447,-0.919,2.298,8.887
1554219683447,-0.919,2.298,8.887
1554219683447,-0.919,2.604,9.347
1554219683457,-0.919,2.604,9.653
1554219683467,-1.225,2.604,9.96
1554219683477,-1.225,2.145,10.419
1554219683477,-1.225,2.145,10.419
1554219683487,-1.225,1.992,10.573
1554219683497,-1.225,1.992,10.573
1554219683498,-1.225,1.992,10.573
1554219683521,-1.225,1.992,10.573
1554219683521,-1.225,1.992,10.573
1554219683521,-1.225,1.992,10.266
1554219683527,-1.225,1.685,10.113
1554219683527,-1.225,1.685,10.113
1554219683537,-0.919,1.685,10.113
1554219683547,-1.072,1.685,9.653
1554219683557,-1.072,1.685,9.653
1554219683567,-1.072,1.992,9.347
1554219683568,-1.072,1.992,9.347
1554219683577,-1.072,1.838,9.04
1554219683577,-1.072,1.838,9.04
1554219683596,-1.072,1.838,8.581
1554219683597,-1.072,1.532,8.427
1554219683597,-1.072,1.532,8.427
1554219683607,-1.532,1.992,8.427
1554219683617,-1.838,2.451,9.04
1554219683627,-1.838,2.758,10.573
1554219683627,-1.838,2.758,10.573
1554219683637,-1.838,2.604,10.573
1554219683648,-1.838,2.298,10.573
1554219683648,-1.838,2.298,10.573
1554219683657,-1.838,1.838,11.032
1554219683668,-1.532,1.532,11.339
1554219683669,-1.532,1.532,11.339
1554219683677,-1.532,1.532,11.032
1554219683687,-1.838,1.532,10.879
1554219683697,-1.838,1.838,10.266
1554219683697,-1.838,1.838,10.266
1554219683707,-1.838,1.992,9.807
1554219683728,-1.838,1.992,9.653
1554219683729,-1.838,1.992,9.653
1554219683729,-1.838,1.992,9.347
1554219683737,-1.838,1.992,9.194
1554219683737,-1.838,1.992,9.194
1554219683748,-1.838,1.992,9.194
1554219683748,-1.838,1.992,9.194
1554219683757,-1.838,1.992,9.194
1554219683767,-1.838,1.992,9.194
1554219683784,-1.838,1.992,9.653
1554219683784,-1.838,1.992,9.653
1554219683787,-1.838,1.992,9.807
1554219683797,-1.838,1.992,9.807
1554219683798,-1.838,1.992,9.807
1554219683809,-1.532,1.992,10.266
1554219683809,-1.532,1.992,10.266
1554219683818,-1.685,1.992,10.266
1554219683818,-1.685,1.992,10.266
1554219683827,-1.685,1.992,10.266
1554219683837,-1.379,1.992,9.96
1554219683837,-1.379,1.992,9.96
1554219683856,-1.379,1.992,9.5
1554219683859,-1.379,1.992,9.347
1554219683859,-1.379,1.992,9.347
1554219683873,-1.379,1.992,9.347
1554219683877,-1.379,1.992,9.347
1554219683877,-1.379,1.992,9.347
1554219683887,-1.379,1.992,9.347
1554219683887,-1.379,1.992,9.347
1554219683897,-1.685,2.298,9.653
1554219683933,-1.685,2.145,9.653
1554219683933,-1.685,2.145,9.653
1554219683933,-1.685,2.145,9.653
1554219683933,-1.685,2.145,9.653
1554219683933,-1.685,2.145,9.653
1554219683946,-1.685,2.145,9.653
1554219683946,-1.685,2.145,9.653
1554219683957,-1.685,2.145,9.653
1554219683957,-1.685,2.145,9.653
1554219683973,-1.685,2.145,9.653
1554219683973,-1.685,2.145,9.653
1554219683973,-1.685,2.145,9.653
1554219683995,-1.685,2.145,9.653
1554219683995,-1.685,2.145,9.653
1554219683995,-1.685,2.145,9.653
1554219684001,-1.379,2.145,9.653
1554219684001,-1.379,2.145,9.653
1554219684007,-1.379,2.145,9.653
1554219684017,-1.379,2.145,9.96
1554219684027,-1.379,2.145,9.96
1554219684048,-1.685,2.145,9.96
1554219684049,-1.685,2.145,9.96
1554219684052,-2.298,1.838,9.96
1554219684052,-2.298,1.838,9.96
1554219684057,-2.145,1.838,9.653
1554219684067,-2.145,1.838,9.653
1554219684067,-2.145,1.838,9.653
1554219684077,-1.838,1.838,9.653
1554219684077,-1.838,1.838,9.653
1554219684087,-1.685,2.145,9.653
1554219684087,-1.685,2.145,9.653
1554219684115,-1.379,2.298,9.653
1554219684115,-1.379,2.298,9.653
1554219684115,-1.225,2.298,9.653
1554219684117,-1.225,2.298,9.653
1554219684117,-1.225,2.298,9.653
1554219684127,-1.225,2.298,9.653
1554219684137,-1.225,2.298,9.653
1554219684137,-1.225,2.298,9.653
1554219684174,-1.225,2.298,9.653
1554219684174,-1.225,2.298,9.653
1554219684174,-1.225,2.298,9.653
1554219684174,-1.225,2.298,9.653
1554219684177,-1.225,2.298,9.653
1554219684187,-1.532,2.298,9.653
1554219684197,-1.532,2.298,9.653
1554219684197,-1.532,2.298,9.653
1554219684207,-1.532,2.298,9.653
1554219684207,-1.532,2.298,9.653
1554219684217,-1.532,2.298,9.653
1554219684239,-1.532,2.298,9.653
1554219684239,-1.532,2.298,9.653
1554219684239,-1.532,2.298,9.653
1554219684247,-1.532,2.298,9.653
1554219684257,-1.532,2.298,9.653
1554219684267,-1.532,2.298,9.653
1554219684267,-1.532,2.298,9.653
1554219684277,-1.532,2.298,9.653
1554219684290,-1.532,2.298,9.653
1554219684292,-1.532,2.298,9.653
1554219684315,-1.532,2.298,9.653
1554219684315,-1.532,2.298,9.653
1554219684315,-1.532,2.298,9.653
1554219684317,-1.532,2.298,9.653
1554219684317,-1.532,2.298,9.653
1554219684327,-1.532,2.298,9.653
1554219684337,-1.532,2.298,9.653
1554219684337,-1.532,2.298,9.653
1554219684347,-1.532,2.298,9.653
1554219684373,-1.532,2.298,9.5
1554219684373,-1.532,2.298,9.5
1554219684373,-1.532,2.298,9.5
1554219684377,-1.532,2.298,9.807
1554219684377,-1.532,2.298,9.807
1554219684387,-1.532,2.298,9.653
1554219684397,-1.532,2.298,9.653
1554219684397,-1.532,2.298,9.653
1554219684407,-1.532,2.298,9.653
1554219684417,-1.532,2.298,9.653
1554219684427,-1.532,2.298,9.653
1554219684427,-1.532,2.298,9.653
1554219684440,-1.532,2.298,9.653
1554219684440,-1.532,2.298,9.653
1554219684447,-1.532,2.298,9.653
1554219684457,-1.532,2.298,9.653
1554219684467,-1.532,2.298,9.653
1554219684477,-1.532,2.298,9.653
1554219684477,-1.532,2.298,9.653
1554219684487,-1.532,2.298,9.653
1554219684489,-1.532,2.298,9.653
1554219684497,-1.532,2.298,9.653
1554219684516,-1.532,2.298,9.653
1554219684516,-1.532,2.298,9.653
1554219684517,-1.532,2.298,9.653
1554219684527,-1.532,2.298,9.653
1554219684527,-1.532,2.298,9.653
1554219684537,-1.532,2.298,9.653
1554219684547,-1.532,2.298,9.653
1554219684557,-1.532,2.298,9.347
1554219684572,-1.532,2.298,9.5
1554219684572,-1.532,2.298,9.5
1554219684577,-1.532,2.298,9.5
1554219684577,-1.532,2.298,9.5
1554219684587,-1.532,2.298,9.5
1554219684597,-1.532,2.298,9.807
1554219684607,-1.532,2.298,9.653
1554219684607,-1.532,2.298,9.653
1554219684617,-1.532,2.298,9.653
1554219684627,-1.532,2.298,9.653
1554219684629,-1.532,2.298,9.653
1554219684652,-1.532,2.298,9.653
1554219684652,-1.532,2.298,9.653
1554219684652,-1.532,2.298,9.653
1554219684657,-1.532,2.298,9.653
1554219684667,-1.532,2.298,9.653
1554219684677,-1.532,2.298,9.653
1554219684677,-1.532,2.298,9.653
1554219684687,-1.532,2.298,9.653
1554219684687,-1.532,2.298,9.653
1554219684697,-1.532,2.298,9.653
1554219684718,-1.532,2.298,9.653
1554219684727,-1.532,2.298,9.653
1554219684727,-1.532,2.298,9.653
1554219684727,-1.532,2.298,9.653
1554219684737,-1.532,2.298,9.653
1554219684737,-1.532,2.298,9.653
1554219684747,-1.532,2.298,9.653
1554219684757,-1.532,2.298,9.653
1554219684757,-1.532,2.298,9.653
1554219684767,-1.532,2.298,9.653
1554219684779,-1.532,2.298,9.653
1554219684779,-1.532,2.298,9.653
1554219684787,-1.532,2.298,9.653
1554219684797,-1.532,2.298,9.653
1554219684807,-1.532,2.298,9.653
1554219684817,-1.532,2.298,9.653
1554219684827,-1.532,2.298,9.653
1554219684837,-1.532,2.298,9.653
1554219684837,-1.532,2.298,9.653
1554219684855,-1.532,2.298,9.653
1554219684855,-1.532,2.298,9.653
1554219684857,-1.532,2.298,9.653
1554219684857,-1.532,2.298,9.653
1554219684867,-1.532,2.298,9.653
1554219684867,-1.532,2.298,9.653
1554219684877,-1.532,2.298,9.653
1554219684888,-1.532,2.298,9.653
1554219684888,-1.532,2.298,9.653
1554219684897,-1.532,2.298,9.653
1554219684907,-1.532,2.298,9.653
1554219684907,-1.532,2.298,9.653
1554219684917,-1.532,2.298,9.653
1554219684933,-1.532,2.298,9.653
1554219684937,-1.685,2.298,9.653
1554219684937,-1.685,2.298,9.653
1554219684947,-1.685,2.298,9.653
1554219684957,-1.685,2.298,9.653
1554219684957,-1.685,2.298,9.653
1554219684967,-1.685,2.298,9.653
1554219684986,-1.685,2.298,9.653
1554219684986,-1.685,2.298,9.653
1554219684987,-1.685,2.298,9.653
1554219684997,-1.685,2.298,9.653
1554219684997,-1.685,2.298,9.653
1554219685007,-1.685,2.298,9.653
1554219685017,-1.685,2.298,9.653
1554219685017,-1.685,2.298,9.653
1554219685027,-1.685,2.298,9.653
1554219685037,-1.685,2.298,9.653
1554219685038,-1.685,2.298,9.653
1554219685047,-1.685,2.298,9.653
1554219685062,-1.685,2.298,9.653
1554219685062,-1.685,2.298,9.653
1554219685067,-1.685,2.298,9.653
1554219685067,-1.685,2.298,9.653
1554219685077,-1.685,2.298,9.653
1554219685077,-1.685,2.298,9.653
1554219685087,-1.685,2.298,9.653
1554219685097,-1.685,2.298,9.653
1554219685098,-1.685,2.298,9.653
1554219685125,-1.685,2.298,9.653
1554219685125,-1.685,2.298,9.653
1554219685127,-1.685,2.298,9.653
1554219685127,-1.685,2.298,9.653
1554219685137,-1.685,2.298,9.653
1554219685137,-1.685,2.298,9.653
1554219685147,-1.685,2.298,9.653
1554219685157,-1.685,2.298,9.653
1554219685157,-1.685,2.298,9.653
1554219685175,-1.685,2.298,9.653
1554219685175,-1.685,2.298,9.653
1554219685177,-1.685,2.298,9.653
1554219685177,-1.685,2.298,9.653
1554219685187,-1.685,2.298,9.653
1554219685187,-1.685,2.298,9.653
1554219685197,-1.685,2.298,9.653
1554219685207,-1.685,2.298,9.653
1554219685207,-1.685,2.298,9.653
1554219685217,-1.685,2.298,9.653
1554219685231,-1.379,2.298,9.653
1554219685231,-1.379,2.298,9.653
1554219685237,-1.379,2.298,9.653
1554219685237,-1.379,2.298,9.653
1554219685247,-1.379,2.298,9.347
1554219685257,-1.379,2.298,9.347
1554219685257,-1.379,2.298,9.347
1554219685267,-1.379,2.298,9.347
1554219685277,-1.685,2.298,9.347
1554219685287,-1.685,2.298,9.653
1554219685307,-1.685,2.298,9.807
1554219685307,-1.685,2.298,9.807
1554219685307,-1.685,2.298,9.807
1554219685317,-1.685,2.298,9.807
1554219685317,-1.685,2.298,9.807
1554219685327,-1.685,2.298,9.5
1554219685337,-1.379,2.298,9.653
1554219685337,-1.379,2.298,9.653
1554219685347,-1.379,2.298,9.653
1554219685357,-1.379,2.298,9.653
1554219685359,-1.379,2.298,9.653
1554219685367,-1.379,2.298,10.266
1554219685382,-1.379,2.298,10.726
1554219685387,-1.685,1.992,9.807
1554219685397,-1.838,2.145,9.653
1554219685397,-1.838,2.145,9.653
1554219685407,-1.838,2.145,9.347
1554219685417,-1.838,2.145,9.653
1554219685427,-1.532,2.145,9.807
1554219685427,-1.532,2.145,9.807
1554219685437,-1.532,2.145,9.5
1554219685437,-1.532,2.145,9.5
1554219685463,-1.225,2.145,9.5
1554219685463,-1.225,2.145,9.5
1554219685467,-1.225,2.145,9.5
1554219685477,-1.225,2.145,9.5
1554219685477,-1.225,2.145,9.5
1554219685487,-0.919,2.145,9.807
1554219685487,-0.919,2.145,9.807
1554219685497,-0.459,2.145,10.266
1554219685522,-0.919,2.145,10.419
1554219685522,-1.379,2.145,10.113
1554219685522,-1.379,2.145,10.113
1554219685527,-1.379,2.145,9.653
1554219685527,-1.379,2.145,9.653
1554219685537,-1.379,2.145,9.5
1554219685537,-1.379,2.145,9.5
1554219685547,-1.379,2.145,9.5
1554219685557,-1.685,2.145,9.5
1554219685557,-1.685,2.145,9.5
1554219685572,-1.838,2.145,9.194
1554219685577,-1.838,2.145,9.5
1554219685577,-1.838,2.145,9.5
1554219685587,-1.838,2.145,9.5
1554219685598,-1.838,2.145,9.5
1554219685598,-1.838,2.145,9.5
1554219685607,-1.838,2.145,9.807
1554219685617,-1.838,2.145,9.807
1554219685627,-1.532,2.145,9.807
1554219685637,-1.532,2.145,9.807
1554219685638,-1.532,2.145,9.807
1554219685647,-1.532,2.145,9.807
1554219685668,-1.532,2.145,9.807
1554219685668,-1.532,2.145,9.807
1554219685668,-1.532,2.145,9.807
1554219685680,-1.532,2.145,9.807
1554219685680,-1.532,2.145,9.807
1554219685687,-1.532,2.145,9.807
1554219685697,-1.532,2.145,9.807
1554219685707,-1.532,2.145,9.807
1554219685721,-1.532,2.145,9.807
1554219685721,-1.532,2.145,9.807
1554219685727,-1.532,2.145,9.5
1554219685737,-1.532,2.145,9.5
1554219685737,-1.532,2.145,9.5
1554219685747,-1.532,2.145,9.5
1554219685757,-1.532,2.145,9.5
1554219685767,-1.532,2.145,9.5
1554219685767,-1.532,2.145,9.5
1554219685777,-1.532,2.145,9.807
1554219685778,-1.532,2.145,9.807
1554219685798,-1.532,2.145,9.653
1554219685798,-1.532,2.145,9.653
1554219685798,-1.532,2.145,9.653
1554219685807,-1.532,2.145,9.653
1554219685817,-1.532,2.145,9.653
1554219685827,-1.532,2.145,9.653
1554219685827,-1.532,2.145,9.653
1554219685837,-1.532,2.145,9.653
1554219685837,-1.532,2.145,9.653
1554219685853,-1.532,2.145,9.653
1554219685857,-1.532,2.145,9.653
1554219685867,-1.532,2.145,9.653
1554219685867,-1.532,2.145,9.653
1554219685877,-1.532,2.145,9.653
1554219685887,-1.532,2.145,9.653
1554219685888,-1.532,2.145,9.653
1554219685897,-1.532,2.145,9.653
1554219685907,-1.532,2.145,9.653
1554219685917,-1.532,2.145,9.653
1554219685918,-1.532,2.145,9.653
1554219685927,-1.532,2.145,9.653
1554219685927,-1.532,2.145,9.653
1554219685951,-1.532,2.145,9.653
1554219685951,-1.532,2.145,9.653
1554219685953,-1.532,2.145,9.653
1554219685953,-1.532,2.145,9.653
1554219685958,-1.532,2.145,9.653
1554219685967,-1.532,2.145,9.653
1554219685977,-1.532,2.145,9.653
1554219685987,-1.532,2.145,9.653
1554219686004,-1.532,2.145,9.653
1554219686004,-1.532,2.145,9.653
1554219686007,-1.532,2.145,9.653
1554219686007,-1.532,2.145,9.653
1554219686017,-1.532,2.145,9.653
1554219686027,-1.532,2.145,9.653
1554219686027,-1.532,2.145,9.653
1554219686037,-1.532,2.145,9.653
1554219686047,-1.532,2.145,9.653
1554219686057,-1.532,2.145,9.653
1554219686057,-1.532,2.145,9.653
1554219686080,-1.532,2.145,9.653
1554219686080,-1.532,2.145,9.653
1554219686080,-1.532,2.145,9.653
1554219686088,-1.532,2.145,9.653
1554219686088,-1.532,2.145,9.653
1554219686099,-1.532,2.145,9.653
1554219686107,-1.532,2.145,9.653
1554219686107,-1.532,2.145,9.653
1554219686117,-1.532,2.145,9.653
1554219686117,-1.532,2.145,9.653
1554219686137,-1.532,2.145,9.653
1554219686137,-1.532,2.145,9.653
1554219686147,-1.532,2.145,9.653
1554219686147,-1.532,2.145,9.653
1554219686157,-1.532,2.145,9.653
1554219686167,-1.532,2.145,9.653
1554219686167,-1.532,2.145,9.653
1554219686177,-1.532,2.145,9.653
1554219686193,-1.532,2.145,9.653
1554219686193,-1.532,2.145,9.653
1554219686197,-1.532,2.145,9.653
1554219686207,-1.532,2.145,9.653
1554219686217,-1.532,2.145,9.653
1554219686227,-1.532,2.145,9.653
1554219686237,-1.532,2.145,9.653
1554219686237,-1.532,2.145,9.653
1554219686263,-1.532,2.145,9.653
1554219686263,-1.532,2.145,9.653
1554219686264,-1.532,2.145,9.653
1554219686267,-1.532,2.145,9.653
1554219686290,-1.532,2.145,9.653
1554219686290,-1.532,2.145,9.653
1554219686290,-1.532,2.145,9.653
1554219686297,-1.532,2.145,9.653
1554219686308,-1.532,2.145,9.653
1554219686308,-1.532,2.145,9.653
1554219686321,-1.532,2.145,9.653
1554219686321,-1.532,2.145,9.653
1554219686327,-1.532,2.145,9.653
1554219686345,-1.532,2.145,9.653
1554219686345,-1.532,2.145,9.653
1554219686348,-1.532,2.145,9.653
1554219686348,-1.532,2.145,9.653
1554219686359,-1.532,2.145,9.653
1554219686359,-1.532,2.145,9.653
1554219686367,-1.532,2.145,9.653
1554219686377,-1.532,2.145,9.653
1554219686377,-1.532,2.145,9.653
1554219686387,-1.532,2.145,9.653
1554219686402,-1.532,2.145,9.653
1554219686407,-1.532,2.145,9.653
1554219686407,-1.532,2.145,9.653
1554219686417,-1.532,2.145,9.653
1554219686428,-1.532,2.145,9.653
1554219686429,-1.532,2.145,9.653
1554219686437,-1.532,2.145,9.653
1554219686447,-1.532,2.145,9.653
1554219686447,-1.532,2.145,9.653
1554219686457,-1.532,2.145,9.653
1554219686457,-1.532,2.145,9.653
1554219686476,-1.532,2.145,9.653
1554219686478,-1.532,2.145,9.653
1554219686478,-1.532,2.145,9.653
1554219686489,-1.532,2.145,9.653
1554219686509,-1.532,2.145,9.653
1554219686509,-1.532,2.145,9.653
1554219686509,-1.532,2.145,9.653
1554219686517,-1.532,2.145,9.653
1554219686533,-1.838,2.145,9.653
1554219686533,-1.838,2.145,9.653
1554219686546,-1.685,2.145,9.653
1554219686546,-1.685,2.145,9.653
1554219686547,-1.685,2.145,9.653
1554219686558,-1.685,2.145,9.653
1554219686558,-1.685,2.145,9.653
1554219686567,-1.685,2.145,9.653
1554219686577,-1.685,2.145,9.653
1554219686587,-1.685,2.145,9.653
1554219686607,-1.685,2.145,9.653
1554219686607,-1.685,2.145,9.653
1554219686609,-1.685,2.145,9.653
1554219686609,-1.685,2.145,9.653
1554219686617,-1.685,2.145,9.653
1554219686627,-1.685,2.145,9.653
1554219686637,-1.685,2.145,9.653
1554219686648,-1.685,2.145,9.653
1554219686648,-1.685,2.145,9.653
1554219686657,-1.685,2.145,9.653
1554219686667,-1.685,2.145,9.653
1554219686667,-1.685,2.145,9.653
1554219686715,-1.685,2.145,9.653
1554219686715,-1.685,2.145,9.653
1554219686715,-1.685,2.145,9.653
1554219686715,-1.685,2.145,9.653
1554219686715,-1.685,2.145,9.653
1554219686715,-1.685,2.145,9.653
1554219686724,-1.685,2.145,9.653
1554219686724,-1.685,2.145,9.653
1554219686730,-1.685,2.145,9.653
1554219686730,-1.685,2.145,9.653
1554219686737,-1.685,2.145,9.653
1554219686760,-1.685,2.145,9.653
1554219686760,-1.685,2.145,9.653
1554219686760,-1.685,2.145,9.653
1554219686767,-1.685,2.145,9.653
1554219686777,-1.685,2.145,9.653
1554219686787,-1.685,2.145,9.653
1554219686787,-1.685,2.145,9.653
1554219686797,-1.685,2.145,9.653
1554219686814,-1.685,2.145,9.653
1554219686814,-1.685,2.145,9.653
1554219686817,-1.685,2.145,9.653
1554219686827,-1.685,2.145,9.653
1554219686827,-1.685,2.145,9.653
1554219686837,-1.685,2.145,9.653
1554219686847,-1.685,2.145,9.653
1554219686847,-1.685,2.145,9.653
1554219686857,-1.685,2.145,9.653
1554219686868,-1.685,2.145,9.653
1554219686868,-1.685,2.145,9.653
1554219686931,-1.685,2.145,9.653
1554219686932,-1.685,2.145,9.653
1554219686932,-1.685,2.145,9.653
1554219686932,-1.685,2.145,9.653
1554219686932,-1.685,2.145,9.653
1554219686932,-1.685,2.145,9.653
1554219686932,-1.685,2.145,9.653
1554219686932,-1.685,2.145,9.653
1554219686933,-1.685,2.145,9.653
1554219686937,-1.685,2.145,9.653
1554219686947,-1.685,2.145,9.653
1554219686966,-1.685,2.145,9.653
1554219686966,-1.685,2.145,9.653
1554219686968,-1.685,2.145,9.653
1554219686968,-1.685,2.145,9.653
1554219686977,-1.685,2.145,9.653
1554219686987,-1.685,2.145,9.653
1554219686997,-1.685,2.145,9.653
1554219686998,-1.685,2.145,9.653
1554219687007,-1.685,2.145,9.653
1554219687024,-1.685,2.145,9.653
1554219687024,-1.685,2.145,9.653
1554219687027,-1.685,2.145,9.653
1554219687037,-1.685,2.145,9.653
1554219687048,-1.685,2.145,9.653
1554219687048,-1.685,2.145,9.653
1554219687057,-1.685,2.145,9.653
1554219687067,-1.685,2.145,9.653
1554219687077,-1.685,2.145,9.653
1554219687078,-1.685,2.145,9.653
1554219687103,-1.685,2.145,9.653
1554219687103,-1.379,2.145,9.653
1554219687103,-1.379,2.145,9.653
1554219687111,-1.685,2.145,9.653
1554219687111,-1.685,2.145,9.653
1554219687117,-1.685,2.145,9.653
1554219687127,-1.685,2.145,9.653
1554219687137,-1.685,2.145,9.347
1554219687153,-1.685,2.145,9.653
1554219687153,-1.685,2.145,9.653
1554219687157,-1.685,2.145,9.653
1554219687157,-1.685,2.145,9.653
1554219687167,-1.685,2.145,9.653
1554219687177,-1.685,2.145,9.653
1554219687187,-1.685,2.145,9.653
1554219687187,-1.685,2.145,9.653
1554219687197,-1.685,2.145,9.653
1554219687207,-1.685,2.145,9.653
1554219687208,-1.685,2.145,9.653
1554219687232,-1.685,2.145,9.653
1554219687232,-1.685,2.145,9.653
1554219687232,-1.685,2.145,9.653
1554219687232,-1.685,2.145,9.653
1554219687237,-1.685,2.145,9.653
1554219687247,-1.685,2.145,9.653
1554219687257,-1.685,2.145,9.653
1554219687257,-1.685,2.145,9.653
1554219687267,-1.685,2.145,9.653
1554219687294,-1.685,2.145,9.653
1554219687294,-1.685,2.145,9.653
1554219687297,-1.685,2.145,9.653
1554219687297,-1.685,2.145,9.653
1554219687307,-1.685,2.145,9.807
1554219687317,-1.685,2.145,9.807
1554219687317,-1.685,2.145,9.807
1554219687328,-1.685,2.145,9.807
1554219687328,-1.685,2.145,9.807
1554219687337,-1.685,2.145,9.807
1554219687347,-1.685,2.145,9.807
1554219687363,-1.685,2.145,9.807
1554219687363,-1.685,2.145,9.807
1554219687367,-1.685,2.145,9.807
1554219687377,-1.685,2.145,9.807
1554219687387,-1.685,2.145,9.807
1554219687397,-1.685,2.145,9.807
1554219687407,-1.685,2.145,9.807
1554219687417,-1.685,2.145,9.807
1554219687417,-1.685,2.145,9.807
1554219687435,-1.685,2.145,9.807
1554219687435,-1.685,2.145,9.807
1554219687438,-1.685,2.145,9.807
1554219687438,-1.685,2.145,9.807
1554219687447,-1.685,2.145,9.5
1554219687457,-1.685,2.145,9.653
1554219687467,-1.685,2.145,9.653
1554219687467,-1.685,2.145,9.653
1554219687477,-1.685,2.145,9.653
1554219687477,-1.685,2.145,9.653
1554219687487,-1.685,2.145,9.653
1554219687497,-1.685,2.145,9.653
1554219687519,-1.685,2.145,9.653
1554219687519,-1.685,2.145,9.653
1554219687521,-1.685,2.145,9.653
1554219687521,-1.685,2.145,9.653
1554219687527,-1.685,2.145,9.653
1554219687537,-1.685,2.145,9.653
1554219687547,-1.685,2.145,9.653
1554219687557,-1.685,2.145,9.653
1554219687558,-1.685,2.145,9.653
1554219687567,-1.685,2.145,9.653
1554219687587,-1.685,2.145,9.653
1554219687587,-1.685,2.145,9.653
1554219687587,-1.685,2.145,9.653
1554219687597,-1.685,2.145,9.653
1554219687607,-1.685,2.145,9.653
1554219687617,-1.685,2.145,9.653
1554219687617,-1.685,2.145,9.653
1554219687627,-1.685,2.145,9.807
1554219687653,-1.685,2.145,9.807
1554219687654,-1.685,2.145,9.807
1554219687654,-1.685,2.145,9.807
1554219687657,-1.685,2.145,9.807
1554219687657,-1.685,2.145,9.807
1554219687667,-1.685,2.145,9.807
1554219687677,-1.685,2.145,9.807
1554219687677,-1.685,2.145,9.807
1554219687689,-1.685,2.145,9.807
1554219687689,-1.685,2.145,9.807
1554219687697,-1.685,2.145,9.807
1554219687729,-1.685,2.145,9.807
1554219687729,-1.685,2.145,9.807
1554219687729,-1.685,2.145,9.807
1554219687729,-1.685,2.145,9.807
1554219687729,-1.685,2.145,9.807
1554219687753,-1.685,2.145,9.807
1554219687754,-1.685,2.145,9.807
1554219687754,-1.685,2.145,9.807
1554219687754,-1.685,2.145,9.653
1554219687759,-1.685,2.145,9.5
1554219687777,-1.685,2.145,9.5
1554219687779,-1.685,2.145,9.5
1554219687779,-1.685,2.145,9.5
1554219687787,-1.685,2.145,9.5
1554219687797,-1.685,2.145,9.5
1554219687797,-1.685,2.145,9.5
1554219687808,-1.685,2.145,9.5
1554219687808,-1.685,2.145,9.5
1554219687817,-1.685,2.145,9.5
1554219687827,-1.685,2.145,9.5
1554219687827,-1.685,2.145,9.5
1554219687837,-1.685,2.145,9.5
1554219687854,-1.685,2.145,9.5
1554219687854,-1.685,2.145,9.5
1554219687858,-1.685,1.838,9.807
1554219687867,-1.685,2.145,9.807
1554219687877,-1.685,1.992,9.807
1554219687888,-1.685,1.992,9.807
1554219687888,-1.685,1.992,9.807
1554219687907,-1.685,1.992,9.807
1554219687907,-1.685,1.992,9.807
1554219687907,-1.685,1.992,9.807
1554219687917,-1.685,1.992,9.807
1554219687917,-1.685,1.992,9.807
1554219687927,-1.685,1.992,9.807
1554219687937,-1.685,1.992,9.807
1554219687937,-1.685,1.992,9.807
1554219687947,-1.685,1.992,9.5
1554219687957,-1.685,1.992,9.653
1554219687967,-1.685,1.992,9.653
1554219687968,-1.685,1.992,9.653
1554219688000,-1.685,1.992,9.653
1554219688000,-1.685,1.992,9.653
1554219688000,-1.685,1.992,9.653
1554219688000,-1.685,1.992,9.653
1554219688007,-1.685,1.992,9.653
1554219688007,-1.685,1.992,9.653
1554219688017,-1.685,1.992,9.653
1554219688027,-1.685,1.992,9.653
1554219688028,-1.685,1.992,9.653
1554219688037,-1.685,1.992,9.653
1554219688057,-1.685,1.992,9.653
1554219688057,-1.685,1.992,9.653
1554219688057,-1.685,1.992,9.653
1554219688067,-1.685,1.992,9.653
1554219688067,-1.685,1.992,9.653
1554219688077,-1.685,1.992,9.653
1554219688087,-1.685,1.992,9.653
1554219688087,-1.685,1.992,9.653
1554219688097,-1.685,1.992,9.653
1554219688113,-1.685,1.992,9.653
1554219688113,-1.685,1.992,9.653
1554219688117,-1.685,1.992,9.653
1554219688127,-1.685,1.992,9.653
1554219688137,-1.685,1.992,9.653
1554219688147,-1.685,1.992,9.653
1554219688147,-1.685,1.992,9.653
1554219688157,-1.685,1.992,9.653
1554219688167,-1.685,1.992,9.653
1554219688168,-1.685,1.992,9.653
1554219688189,-1.685,1.992,9.653
1554219688189,-1.685,1.992,9.653
1554219688189,-1.685,1.992,9.653
1554219688197,-1.685,1.992,9.653
1554219688207,-1.685,1.992,9.653
1554219688217,-1.685,1.992,9.653
1554219688227,-1.685,1.992,9.653
1554219688237,-1.685,1.992,9.653
1554219688237,-1.685,1.992,9.653
1554219688247,-1.685,1.992,9.653
1554219688247,-1.685,1.992,9.653
1554219688264,-1.685,1.992,9.653
1554219688264,-1.685,1.992,9.653
1554219688267,-1.685,1.992,9.653
1554219688267,-1.685,1.992,9.653
1554219688277,-1.685,1.992,9.653
1554219688288,-1.685,1.992,9.653
1554219688288,-1.685,1.992,9.653
1554219688297,-1.685,1.992,9.653
1554219688307,-1.685,1.992,9.653
1554219688323,-1.685,1.992,9.653
1554219688323,-1.685,1.992,9.653
1554219688327,-1.685,1.992,9.653
1554219688327,-1.685,1.992,9.653
1554219688337,-1.685,1.992,9.653
1554219688337,-1.685,1.992,9.653
1554219688350,-1.685,1.992,9.653
1554219688350,-1.685,1.992,9.653
1554219688358,-1.685,1.992,9.653
1554219688379,-1.685,1.992,9.653
1554219688379,-1.685,1.992,9.653
1554219688379,-1.685,1.992,9.653
1554219688387,-1.685,1.992,9.653
1554219688398,-1.685,1.992,9.653
1554219688398,-1.685,1.992,9.653
1554219688407,-1.685,1.992,9.653
1554219688417,-1.685,1.992,9.653
1554219688427,-1.685,1.992,9.653
1554219688437,-1.685,1.992,9.653
1554219688438,-1.685,1.992,9.653
1554219688453,-1.685,1.992,9.194
1554219688453,-1.685,1.992,9.194
1554219688457,-1.685,1.992,9.04
1554219688457,-1.685,1.992,9.04
1554219688467,-1.685,1.992,9.04
1554219688477,-1.685,1.992,9.04
1554219688489,-1.685,1.992,9.04
1554219688489,-1.685,1.992,9.04
1554219688497,-1.685,1.992,9.04
1554219688507,-1.685,1.992,9.04
1554219688531,-1.685,1.685,9.807
1554219688531,-1.685,1.685,9.807
1554219688534,-1.685,1.379,9.347
1554219688534,-1.685,1.379,9.347
1554219688537,-1.685,1.685,9.347
1554219688547,-1.685,1.532,9.653
1554219688557,-1.685,1.225,10.726
1554219688567,-1.992,1.532,11.032
1554219688577,-2.145,1.532,11.032
1554219688587,-1.838,1.532,11.032
1554219688587,-1.838,1.532,11.032
1554219688603,-1.685,1.225,10.726
1554219688607,-1.685,1.225,10.573
1554219688617,-1.685,1.225,10.113
1554219688617,-1.685,1.225,10.113
1554219688631,-1.685,1.225,9.653
1554219688631,-1.685,1.225,9.653
1554219688637,-1.685,1.225,9.807
1554219688649,-1.685,1.225,9.807
1554219688650,-1.685,1.225,9.807
1554219688657,-1.685,1.225,9.807
1554219688696,-1.685,1.225,9.807
1554219688696,-1.685,1.225,9.807
1554219688696,-1.685,1.225,9.807
1554219688696,-1.685,1.225,9.807
1554219688696,-1.685,1.225,9.807
1554219688697,-1.685,1.225,9.807
1554219688708,-1.685,1.225,9.807
1554219688708,-1.685,1.225,9.807
1554219688717,-1.685,1.532,9.807
1554219688745,-1.685,1.379,9.807
1554219688746,-1.685,1.379,9.807
1554219688746,-1.685,1.379,9.807
1554219688748,-1.685,1.379,9.807
1554219688757,-1.685,1.379,9.807
1554219688768,-1.685,1.379,9.807
1554219688768,-1.685,1.379,9.807
1554219688777,-1.685,1.379,9.807
1554219688787,-1.685,1.379,9.807
1554219688788,-1.685,1.379,9.807
1554219688797,-1.685,1.379,9.5
1554219688797,-1.685,1.379,9.5
1554219688814,-1.685,1.379,9.5
1554219688814,-1.685,1.379,9.5
1554219688817,-1.685,1.379,9.807
1554219688827,-1.685,1.379,9.807
1554219688827,-1.685,1.379,9.807
1554219688837,-1.685,1.379,9.807
1554219688847,-1.685,1.532,9.807
1554219688854,-1.685,1.532,9.807
1554219688868,-1.685,1.532,9.807
1554219688868,-1.685,1.532,9.807
1554219688868,-1.685,1.532,9.807
1554219688877,-1.685,1.532,9.807
1554219688887,-1.685,1.532,9.807
1554219688902,-1.685,1.532,9.5
1554219688902,-1.685,1.532,9.5
1554219688907,-1.685,1.532,9.5
1554219688917,-1.685,1.532,9.5
1554219688919,-1.685,1.532,9.5
1554219688927,-1.685,1.532,9.5
1554219688948,-1.685,1.532,9.807
1554219688948,-1.685,1.532,9.807
1554219688948,-1.685,1.532,9.807
1554219688948,-1.685,1.532,9.807
1554219688957,-1.685,1.532,9.807
1554219688967,-1.685,1.532,9.807
1554219688967,-1.685,1.532,9.807
1554219688977,-1.685,1.532,9.807
1554219688998,-1.685,1.532,9.807
1554219688998,-1.685,1.532,9.807
1554219688998,-1.685,1.532,9.807
1554219688998,-1.685,1.532,9.807
1554219689007,-1.685,1.532,9.807
1554219689017,-1.685,1.532,9.807
1554219689017,-1.685,1.532,9.807
1554219689027,-1.685,1.532,9.807
1554219689027,-1.685,1.532,9.807
1554219689037,-1.685,1.532,9.807
1554219689066,-1.685,1.532,9.807
1554219689067,-1.685,1.532,9.807
1554219689067,-1.685,1.532,9.807
1554219689068,-1.685,1.532,9.807
1554219689068,-1.685,1.532,9.807
1554219689079,-1.685,1.532,9.807
1554219689079,-1.685,1.532,9.807
1554219689088,-1.685,1.532,9.807
1554219689097,-1.685,1.532,9.807
1554219689107,-1.685,1.532,9.807
1554219689108,-1.685,1.532,9.807
1554219689117,-1.685,1.532,9.807
1554219689130,-1.685,1.532,9.807
1554219689130,-1.685,1.532,9.807
1554219689137,-1.685,1.532,9.807
1554219689147,-1.532,1.532,9.807
1554219689147,-1.532,1.532,9.807
1554219689157,-1.532,1.532,9.807
1554219689167,-1.532,1.532,9.807
1554219689177,-1.532,1.532,9.807
1554219689187,-1.532,1.532,9.807
1554219689187,-1.532,1.532,9.807
1554219689205,-1.532,1.532,9.807
1554219689205,-1.532,1.532,9.807
1554219689207,-1.532,1.532,9.807
1554219689207,-1.532,1.532,9.807
1554219689217,-1.532,1.532,9.807
1554219689227,-1.532,1.685,9.807
1554219689237,-1.532,1.685,9.807
1554219689247,-1.532,1.685,9.807
1554219689248,-1.532,1.685,9.807
1554219689262,-1.532,1.685,9.807
1554219689262,-1.532,1.685,9.807
1554219689267,-1.532,1.685,9.807
1554219689267,-1.532,1.685,9.807
1554219689277,-1.532,1.685,9.807
1554219689277,-1.532,1.685,9.807
1554219689287,-1.532,1.685,9.807
1554219689297,-1.532,1.685,9.807
1554219689297,-1.532,1.685,9.807
1554219689318,-1.532,1.685,9.807
1554219689318,-1.532,1.685,9.807
1554219689318,-1.532,1.685,9.807
1554219689318,-1.532,1.685,9.807
1554219689327,-1.532,1.685,9.807
1554219689337,-1.532,1.685,9.807
1554219689337,-1.532,1.685,9.807
1554219689347,-1.532,1.685,9.807
1554219689347,-1.532,1.685,9.807
1554219689357,-1.532,1.685,9.807
1554219689375,-1.532,1.685,9.807
1554219689375,-1.532,1.685,9.807
1554219689377,-1.532,1.685,9.807
1554219689377,-1.532,1.685,9.807
1554219689387,-1.532,1.685,9.807
1554219689397,-1.532,1.685,9.807
1554219689407,-1.532,1.685,9.807
1554219689417,-1.532,1.685,9.807
1554219689427,-1.532,1.685,9.807
1554219689437,-1.532,1.685,9.807
1554219689438,-1.532,1.685,9.807
1554219689447,-1.532,1.685,9.807
1554219689447,-1.532,1.685,9.807
1554219689491,-1.532,1.685,9.807
1554219689491,-1.532,1.685,9.807
1554219689492,-1.532,1.685,9.807
1554219689492,-1.532,1.685,9.807
1554219689492,-1.532,1.685,9.807
1554219689492,-1.532,1.685,9.807
1554219689498,-1.532,1.685,9.807
1554219689499,-1.532,1.685,9.807
1554219689507,-1.532,1.685,9.807
1554219689526,-1.532,1.685,9.807
1554219689526,-1.532,1.685,9.807
1554219689527,-1.532,1.685,9.807
1554219689527,-1.532,1.685,9.807
1554219689537,-1.532,1.685,9.807
1554219689551,-1.532,1.685,9.807
1554219689551,-1.532,1.685,9.807
1554219689557,-1.532,1.685,9.807
1554219689567,-1.532,1.685,9.807
1554219689567,-1.532,1.685,9.807
1554219689583,-1.532,1.838,9.5
1554219689583,-1.532,1.838,9.5
1554219689587,-1.532,1.992,9.5
1554219689587,-1.532,1.992,9.5
1554219689597,-1.532,1.992,9.5
1554219689607,-1.532,1.992,9.5
1554219689617,-1.532,1.992,9.807
1554219689617,-1.532,1.992,9.807
1554219689639,-1.532,1.992,9.807
1554219689639,-1.532,1.992,9.807
1554219689639,-1.532,1.992,9.807
1554219689647,-1.532,1.992,9.807
1554219689647,-1.532,1.992,9.807
1554219689657,-1.532,1.992,9.807
1554219689667,-1.532,1.992,9.807
1554219689667,-1.532,1.992,9.807
1554219689677,-1.532,1.992,9.5
1554219689688,-1.532,1.992,9.653
1554219689689,-1.532,1.992,9.653
1554219689697,-1.532,1.992,9.653
1554219689715,-1.532,1.992,9.653
1554219689715,-1.532,1.992,9.653
1554219689718,-1.532,1.992,9.653
1554219689718,-1.532,1.992,9.653
1554219689727,-1.532,1.992,9.653
1554219689737,-1.532,1.992,9.653
1554219689747,-1.532,1.992,9.653
1554219689747,-1.532,1.992,9.653
1554219689757,-1.532,1.992,9.653
1554219689774,-1.532,1.992,9.653
1554219689774,-1.532,1.992,9.653
1554219689778,-1.532,1.992,9.653
1554219689787,-1.532,1.992,9.653
1554219689797,-1.532,1.992,9.653
1554219689797,-1.532,1.992,9.653
1554219689807,-1.532,1.992,9.653
1554219689817,-1.532,1.992,9.653
1554219689827,-1.532,1.992,9.653
1554219689828,-1.532,1.992,9.653
1554219689847,-1.532,1.992,9.653
1554219689847,-1.532,1.992,9.653
1554219689847,-1.532,1.992,9.653
1554219689857,-1.532,1.992,9.653
1554219689867,-1.532,1.992,9.653
1554219689877,-1.532,1.992,9.653
1554219689877,-1.532,1.992,9.653
1554219689887,-1.532,1.992,9.653
1554219689887,-1.532,1.992,9.653
1554219689903,-1.532,1.992,9.653
1554219689907,-1.532,1.992,9.653
1554219689917,-1.532,1.992,9.653
1554219689927,-1.532,1.992,9.653
1554219689937,-1.532,1.992,9.653
1554219689937,-1.532,1.992,9.653
1554219689947,-1.532,1.992,9.653
1554219689947,-1.532,1.992,9.653
1554219689957,-1.532,1.992,9.653
1554219689967,-1.532,1.992,9.653
1554219689977,-1.532,1.992,9.653
1554219689977,-1.532,1.992,9.653
1554219689997,-1.532,1.992,9.96
1554219689997,-1.532,1.992,9.96
1554219689997,-1.532,1.992,9.96
1554219689997,-1.532,1.992,9.96
1554219690007,-1.532,1.992,9.96
1554219690017,-1.532,1.992,9.96
1554219690027,-1.532,2.145,9.653
1554219690037,-1.532,2.145,9.5
1554219690055,-1.532,2.145,9.5
1554219690055,-1.532,2.145,9.5
1554219690057,-1.532,2.145,9.807
1554219690067,-1.225,2.145,10.726
1554219690067,-1.225,2.145,10.726
1554219690077,-1.532,2.145,10.113
1554219690088,-1.532,2.145,9.04
1554219690088,-1.532,2.145,9.04
1554219690097,-1.532,2.145,9.04
1554219690107,-1.532,2.145,9.04
1554219690128,-1.225,2.451,9.347
1554219690128,-1.225,2.451,9.347
1554219690128,-1.225,2.451,9.653
1554219690137,-1.225,2.451,9.807
1554219690147,-1.225,2.451,9.807
1554219690147,-1.225,2.451,9.807
1554219690157,-1.225,2.451,9.807
1554219690157,-1.225,2.451,9.807
1554219690167,-0.919,2.451,9.807
1554219690177,-0.612,2.451,10.266
1554219690178,-0.612,2.451,10.266
1554219690187,-1.072,2.451,10.419
1554219690187,-1.072,2.451,10.419
1554219690205,-1.225,2.451,10.113
1554219690205,-1.225,2.451,10.113
1554219690207,-1.225,2.451,9.5
1554219690217,-1.838,2.451,9.5
1554219690217,-1.838,2.451,9.5
1554219690227,-1.838,2.145,9.5
1554219690237,-1.532,1.992,9.5
1554219690247,-1.838,1.992,9.5
1554219690247,-1.838,1.992,9.5
1554219690261,-1.992,2.298,9.5
1554219690261,-1.992,2.298,9.5
1554219690267,-1.992,2.298,9.5
1554219690277,-1.992,2.298,9.5
1554219690288,-1.992,2.298,9.5
1554219690288,-1.992,2.298,9.5
1554219690297,-1.992,2.298,9.5
1554219690307,-1.685,2.298,9.5
1554219690317,-1.685,2.298,9.5
1554219690317,-1.685,2.298,9.5
1554219690336,-1.685,2.298,9.5
1554219690336,-1.685,2.298,9.5
1554219690338,-1.685,2.298,9.5
1554219690338,-1.685,2.298,9.5
1554219690349,-1.685,2.298,9.5
1554219690349,-1.685,2.298,9.5
1554219690358,-1.685,2.298,9.5
1554219690367,-1.685,2.298,9.5
1554219690378,-1.685,2.298,9.5
1554219690378,-1.685,2.298,9.5
1554219690407,-1.685,2.298,9.5
1554219690407,-1.685,2.298,9.5
1554219690407,-1.685,2.298,9.5
1554219690407,-1.685,2.298,9.5
1554219690407,-1.685,2.298,9.5
1554219690418,-1.685,2.298,9.5
1554219690418,-1.685,2.298,9.5
1554219690428,-1.685,2.298,9.807
1554219690429,-1.685,2.298,9.807
1554219690457,-1.685,2.298,9.807
1554219690457,-1.685,2.298,9.807
1554219690457,-1.685,2.298,9.807
1554219690458,-1.685,2.451,9.807
1554219690467,-1.685,2.451,9.807
1554219690477,-1.685,2.451,9.807
1554219690488,-1.685,2.451,9.807
1554219690488,-1.685,2.451,9.807
1554219690498,-1.685,2.451,9.5
1554219690508,-1.685,2.451,9.347
1554219690530,-1.685,2.145,9.347
1554219690530,-1.685,2.145,9.347
1554219690537,-1.685,2.145,9.347
1554219690537,-1.685,2.145,9.347
1554219690547,-1.685,2.145,9.347
1554219690547,-1.685,2.145,9.347
1554219690557,-1.685,1.072,9.653
1554219690567,-0.766,0.919,10.113
1554219690567,-0.766,0.919,10.113
1554219690577,-0.766,1.225,9.807
1554219690578,-0.766,1.225,9.807
1554219690606,-0.766,1.379,9.347
1554219690606,-0.766,1.379,9.194
1554219690606,-0.766,1.379,9.194
1554219690607,-0.459,1.379,9.194
1554219690617,-0.766,1.685,9.194
1554219690628,-1.379,2.604,9.653
1554219690628,-1.379,2.604,9.653
1554219690637,-2.145,2.911,9.96
1554219690665,-2.604,2.911,10.266
1554219690665,-2.604,2.911,10.266
1554219690665,-2.604,2.911,10.266
1554219690667,-2.604,2.911,9.807
1554219690677,-2.604,2.911,9.5
1554219690688,-2.604,2.911,9.04
1554219690688,-2.604,2.911,9.04
1554219690698,-2.604,3.217,8.887
1554219690707,-2.604,3.217,8.887
1554219690717,-2.298,3.217,8.887
1554219690727,-2.298,3.217,9.347
1554219690727,-2.298,3.217,9.347
1554219690756,-2.298,3.217,9.347
1554219690756,-2.298,3.217,9.347
1554219690757,-2.298,2.911,9.347
1554219690759,-1.838,2.604,9.807
1554219690767,-1.838,2.451,9.96
1554219690777,-1.838,2.451,9.96
1554219690777,-1.838,2.451,9.96
1554219690788,-1.838,2.451,9.96
1554219690789,-1.838,2.451,9.96
1554219690797,-1.838,2.451,9.653
1554219690827,-1.838,2.451,9.347
1554219690828,-1.838,2.451,9.347
1554219690828,-1.838,2.451,9.347
1554219690828,-1.838,2.451,9.194
1554219690837,-1.838,2.451,9.194
1554219690837,-1.838,2.451,9.194
1554219690847,-1.838,2.758,9.194
1554219690857,-2.145,2.758,9.653
1554219690859,-2.145,2.758,9.653
1554219690867,-2.298,2.758,9.96
1554219690891,-2.298,2.758,9.96
1554219690891,-2.298,2.758,9.96
1554219690891,-2.298,2.758,9.96
1554219690891,-2.298,2.758,9.96
1554219690897,-2.298,2.758,9.653
1554219690907,-2.298,2.758,9.5
1554219690918,-2.604,2.758,9.5
1554219690918,-2.604,2.758,9.5
1554219690940,-2.758,2.758,9.04
1554219690941,-2.758,2.758,9.04
1554219690941,-2.758,2.758,9.04
1554219690947,-2.758,2.758,9.04
1554219690947,-2.758,2.758,9.04
1554219690957,-3.064,3.064,9.04
1554219690957,-3.064,3.064,9.04
1554219690967,-3.064,3.064,9.04
1554219690978,-3.064,3.064,9.04
1554219690978,-3.064,3.064,9.04
1554219691000,-3.064,3.064,9.04
1554219691000,-3.064,3.064,9.04
1554219691000,-3.064,3.064,9.04
1554219691007,-3.064,3.064,9.04
1554219691026,-3.064,3.064,9.04
1554219691026,-3.064,3.064,9.04
1554219691027,-3.064,3.064,9.04
1554219691037,-3.064,3.064,9.04
1554219691047,-3.371,3.064,8.581
1554219691047,-3.371,3.064,8.581
1554219691077,-3.371,3.064,8.581
1554219691077,-3.371,3.064,8.581
1554219691077,-3.371,3.064,8.581
1554219691077,-3.371,3.064,8.581
1554219691089,-3.371,3.064,8.581
1554219691089,-3.371,3.064,8.581
1554219691097,-3.371,3.064,8.581
1554219691107,-3.371,3.064,8.887
1554219691107,-3.371,3.064,8.887
1554219691117,-3.371,3.064,9.04
1554219691119,-3.371,3.064,9.04
1554219691127,-3.371,3.064,9.04
1554219691150,-3.371,3.064,8.734
1554219691150,-3.371,3.064,8.734
1554219691157,-3.371,3.064,8.581
1554219691157,-3.371,3.064,8.581
1554219691167,-3.371,3.064,8.581
1554219691167,-3.371,3.064,8.581
1554219691177,-3.371,3.064,8.581
1554219691187,-3.371,3.064,8.581
1554219691188,-3.371,3.064,8.581
1554219691205,-3.371,3.064,8.887
1554219691205,-3.371,3.064,8.887
1554219691207,-3.371,3.064,9.04
1554219691217,-3.371,3.064,9.04
1554219691227,-3.371,3.064,9.04
1554219691237,-3.371,3.064,9.04
1554219691237,-3.371,3.064,9.04
1554219691247,-3.371,3.064,9.04
1554219691247,-3.371,3.064,9.04
1554219691257,-3.371,3.064,9.04
1554219691257,-3.371,3.064,9.04
1554219691288,-3.371,3.064,9.04
1554219691288,-3.371,3.064,9.04
1554219691288,-3.371,3.064,9.04
1554219691291,-3.064,3.064,8.734
1554219691291,-3.064,3.064,8.734
1554219691297,-3.064,3.371,8.581
1554219691330,-3.064,3.217,8.887
1554219691330,-3.064,3.217,8.887
1554219691332,-3.064,3.217,8.887
1554219691332,-3.064,3.217,8.887
1554219691337,-3.064,3.217,9.04
1554219691356,-3.064,3.217,9.04
1554219691358,-3.371,3.217,9.04
1554219691358,-3.371,3.217,9.04
1554219691372,-3.677,3.217,9.04
1554219691372,-3.677,3.217,9.04
1554219691383,-3.677,3.217,9.04
1554219691383,-3.677,3.217,9.04
1554219691387,-3.677,3.217,9.04
1554219691414,-3.371,3.217,8.734
1554219691414,-3.371,3.217,8.734
1554219691414,-3.371,3.217,8.734
1554219691417,-3.371,3.217,8.734
1554219691427,-3.371,3.217,8.734
1554219691427,-3.371,3.217,8.734
1554219691437,-3.371,3.217,9.04
1554219691447,-3.371,3.217,9.04
1554219691457,-3.371,3.217,9.04
1554219691459,-3.371,3.217,9.04
1554219691467,-3.371,3.217,9.04
1554219691484,-3.371,3.217,9.04
1554219691487,-3.371,3.217,8.734
1554219691487,-3.371,3.217,8.734
1554219691497,-3.371,3.217,8.887
1554219691507,-3.371,3.217,8.887
1554219691507,-3.371,3.217,8.887
1554219691517,-3.371,3.217,8.887
1554219691517,-3.371,3.217,8.887
1554219691527,-3.371,3.217,8.887
1554219691546,-3.371,3.217,8.887
1554219691546,-3.371,3.217,8.887
1554219691547,-3.371,3.217,8.887
1554219691547,-3.371,3.217,8.887
1554219691557,-3.371,3.217,8.581
1554219691567,-3.371,3.217,8.734
1554219691567,-3.371,3.217,8.734
1554219691577,-3.677,3.217,8.734
1554219691587,-3.677,3.217,8.734
1554219691597,-3.677,3.217,8.734
1554219691597,-3.677,3.217,8.734
1554219691616,-3.677,3.371,8.734
1554219691617,-3.677,3.371,8.734
1554219691617,-3.677,3.371,8.734
1554219691627,-3.677,3.371,8.734
1554219691637,-3.677,3.371,8.734
1554219691647,-3.677,3.371,8.734
1554219691647,-3.677,3.371,8.734
1554219691657,-3.677,3.371,8.734
1554219691673,-3.677,3.371,8.427
1554219691673,-3.677,3.371,8.427
1554219691677,-3.677,3.371,8.581
1554219691677,-3.677,3.371,8.581
1554219691688,-3.677,3.371,8.581
1554219691688,-3.677,3.371,8.581
1554219691697,-3.677,3.371,8.581
1554219691707,-3.677,3.371,8.581
1554219691707,-3.677,3.371,8.581
1554219691717,-3.677,3.371,8.581
1554219691727,-3.677,3.371,8.581
1554219691727,-3.677,3.371,8.581
1554219691748,-3.677,3.371,8.581
1554219691748,-3.677,3.371,8.581
1554219691748,-3.677,3.371,8.581
1554219691757,-3.677,3.371,8.581
1554219691757,-3.677,3.371,8.581
1554219691767,-3.677,3.371,8.581
1554219691777,-3.677,3.371,8.581
1554219691787,-3.984,3.371,8.581
1554219691804,-3.984,3.371,8.581
1554219691804,-3.984,3.371,8.581
1554219691807,-3.984,3.371,8.581
1554219691807,-3.984,3.371,8.581
1554219691817,-3.984,3.371,8.581
1554219691827,-3.984,3.371,8.581
1554219691837,-3.984,3.371,8.581
1554219691837,-3.984,3.371,8.581
1554219691847,-3.984,3.371,8.274
1554219691847,-3.984,3.371,8.274
1554219691861,-3.984,3.371,8.427
1554219691861,-3.984,3.371,8.427
1554219691867,-3.984,3.371,8.427
1554219691877,-3.677,3.371,8.427
1554219691887,-3.524,3.371,8.427
1554219691887,-3.524,3.371,8.427
1554219691897,-3.524,3.371,8.427
1554219691907,-3.984,3.371,8.427
1554219691907,-3.984,3.371,8.427
1554219691917,-3.984,3.371,8.427
1554219691921,-3.984,3.371,8.427
1554219691967,-3.984,3.371,8.427
1554219691967,-3.984,3.371,8.427
1554219691968,-3.984,3.371,8.427
1554219691968,-3.984,3.371,8.427
1554219691968,-3.984,3.371,8.427
1554219691968,-3.984,3.371,8.427
1554219691968,-3.984,3.371,8.427
1554219691968,-3.984,3.371,8.734
1554219691977,-3.984,3.371,8.581
1554219692012,-3.984,3.371,8.581
1554219692012,-3.984,3.371,8.581
1554219692012,-3.984,3.371,8.581
1554219692012,-3.984,3.371,8.581
1554219692020,-3.984,3.371,8.581
1554219692020,-3.984,3.371,8.581
1554219692027,-3.984,3.371,8.581
1554219692037,-3.984,3.371,8.581
1554219692037,-3.984,3.371,8.581
1554219692047,-3.984,3.371,8.581
1554219692077,-3.677,3.371,8.581
1554219692077,-3.677,3.371,8.581
1554219692077,-3.677,3.371,8.581
1554219692077,-3.677,3.371,8.581
1554219692087,-3.677,3.524,8.581
1554219692097,-3.677,3.524,8.581
1554219692107,-3.677,3.524,8.581
1554219692107,-3.677,3.524,8.581
1554219692117,-3.984,3.524,8.581
1554219692127,-4.137,3.524,8.581
1554219692129,-4.137,3.524,8.581
1554219692148,-4.137,3.524,8.581
1554219692148,-4.137,3.524,8.581
1554219692148,-4.137,3.524,8.274
1554219692148,-4.137,3.524,8.274
1554219692157,-4.137,3.524,8.427
1554219692157,-4.137,3.524,8.427
1554219692167,-3.83,3.524,8.427
1554219692167,-3.83,3.524,8.427
1554219692177,-3.83,3.524,8.427
1554219692187,-3.83,3.524,8.427
1554219692200,-3.83,3.524,8.427
1554219692200,-3.83,3.524,8.427
1554219692207,-3.83,3.524,8.427
1554219692217,-3.83,3.524,8.734
1554219692217,-3.83,3.524,8.734
1554219692227,-3.83,3.524,8.734
1554219692227,-3.83,3.524,8.734
1554219692237,-3.83,3.524,8.734
1554219692238,-3.83,3.524,8.734
1554219692258,-3.83,3.524,8.427
1554219692258,-3.83,3.524,8.581
1554219692258,-3.83,3.524,8.581
1554219692267,-3.83,3.217,8.581
1554219692277,-3.83,3.371,8.581
1554219692287,-3.83,3.371,8.581
1554219692288,-3.83,3.371,8.581
1554219692297,-3.83,3.371,8.581
1554219692307,-3.83,3.371,8.581
1554219692307,-3.83,3.371,8.581
1554219692317,-3.83,3.371,8.581
1554219692332,-3.83,3.371,8.581
1554219692332,-3.83,3.371,8.581
1554219692338,-3.83,3.371,8.581
1554219692338,-3.83,3.371,8.581
1554219692347,-3.83,3.371,8.581
1554219692357,-3.83,3.371,8.581
1554219692357,-3.83,3.371,8.581
1554219692367,-3.83,3.371,8.581
1554219692377,-3.83,3.371,8.581
1554219692378,-3.83,3.371,8.581
1554219692387,-3.83,3.371,8.581
1554219692408,-3.83,3.371,8.581
1554219692408,-3.83,3.371,8.581
1554219692408,-3.83,3.371,8.581
1554219692417,-3.83,3.371,8.581
1554219692427,-3.83,3.371,8.581
1554219692437,-3.83,3.371,8.581
1554219692437,-3.83,3.371,8.581
1554219692447,-3.83,3.371,8.581
1554219692464,-3.83,3.371,8.581
1554219692464,-3.83,3.371,8.581
1554219692467,-3.83,3.371,8.581
1554219692477,-3.83,3.371,8.581
1554219692487,-3.83,3.371,8.581
1554219692497,-3.83,3.371,8.581
1554219692497,-3.83,3.371,8.581
1554219692507,-3.83,3.371,8.581
1554219692507,-3.83,3.371,8.581
1554219692517,-3.83,3.371,8.581
1554219692521,-3.83,3.371,8.581
1554219692569,-3.83,3.371,8.581
1554219692569,-3.83,3.371,8.581
1554219692569,-3.83,3.371,8.581
1554219692569,-3.83,3.371,8.581
1554219692570,-3.83,3.371,8.581
1554219692570,-3.83,3.371,8.581
1554219692570,-3.83,3.371,8.581
1554219692570,-3.83,3.371,8.581
1554219692570,-3.83,3.371,8.581
1554219692577,-3.83,3.371,8.581
1554219692624,-3.83,3.371,8.581
1554219692624,-3.83,3.371,8.581
1554219692624,-3.83,3.371,8.581
1554219692625,-3.83,3.371,8.581
1554219692625,-3.83,3.371,8.581
1554219692625,-3.83,3.371,8.581
1554219692629,-3.83,3.371,8.581
1554219692637,-3.83,3.371,8.581
1554219692647,-3.83,3.371,8.581
1554219692657,-3.83,3.371,8.581
1554219692657,-3.83,3.371,8.581
1554219692671,-3.83,3.371,8.581
1554219692677,-3.83,3.371,8.581
1554219692677,-3.83,3.371,8.581
1554219692687,-3.83,3.371,8.581
1554219692697,-3.83,3.371,8.581
1554219692697,-3.83,3.371,8.581
1554219692707,-3.83,3.371,8.581
1554219692717,-3.83,3.371,8.581
1554219692718,-3.83,3.371,8.581
1554219692727,-3.83,3.371,8.581
1554219692727,-3.83,3.371,8.581
1554219692746,-3.83,3.371,8.581
1554219692746,-3.83,3.371,8.581
1554219692747,-3.83,3.371,8.887
1554219692747,-3.83,3.371,8.887
1554219692757,-3.83,3.371,8.887
1554219692758,-3.83,3.371,8.887
1554219692767,-3.83,3.371,8.581
1554219692784,-4.137,3.371,8.274
1554219692784,-4.137,3.371,8.274
1554219692787,-4.137,3.371,8.274
1554219692787,-4.137,3.371,8.274
1554219692797,-4.137,3.064,8.581
1554219692807,-4.137,2.758,9.194
1554219692817,-3.677,2.451,10.113
1554219692817,-3.677,2.451,10.113
1554219692827,-3.83,2.451,10.573
1554219692837,-4.137,5.516,6.282
1554219692838,-4.137,5.516,6.282
1554219692847,-3.83,3.984,5.363
1554219692863,-4.597,4.443,6.129
1554219692863,-4.597,4.443,6.129
1554219692873,-4.137,3.984,9.807
1554219692873,-4.137,3.984,9.807
1554219692881,-3.524,3.83,9.5
1554219692893,-2.758,3.217,8.121
1554219692893,-2.758,3.217,8.121
1554219692897,-2.451,3.217,7.355
1554219692917,-2.758,3.677,7.968
1554219692917,-2.758,3.677,7.968
1554219692919,-5.209,4.29,8.274
1554219692919,-5.209,4.29,8.274
1554219692930,-4.903,4.137,8.581
1554219692930,-4.903,4.137,8.581
1554219692942,-5.363,3.677,7.508
1554219692942,-5.363,3.677,7.508
